Core,DepthConsolidated,Location,Unknown,Goniopora,Dipsastraea,Montipora,Porites,Echinopora,Euphyllia,Acropora,Heliopora,Fungia,Merulina,Diploastrea,Tubastraea,Astreopora,Platygyra,Echinophyllia,Hydnophora,Pachyseris,Turbinaria,Pavona,Pectinia,Oxypora,Goniastrea,Cyphastrea,Podabacia,Favites,Pseudosiderastrea,Psammocora
CY01,5,West,0,1,0,0,0,0,0,0,0,0,0,0,0,0,0,0,0,0,0,0,0,0,0,0,0,0,0,0
CY01,10,West,0,0.740004322,0.077371947,0.18262373,0,0,0,0,0,0,0,0,0,0,0,0,0,0,0,0,0,0,0,0,0,0,0,0
CY01,15,West,0,0,0,0,1,0,0,0,0,0,0,0,0,0,0,0,0,0,0,0,0,0,0,0,0,0,0,0
CY01,25,West,0,0,0,0,0.973497531,0.026502469,0,0,0,0,0,0,0,0,0,0,0,0,0,0,0,0,0,0,0,0,0,0
CY01,35,West,0,0,1,0,0,0,0,0,0,0,0,0,0,0,0,0,0,0,0,0,0,0,0,0,0,0,0,0
CY01,45,West,0,0,1,0,0,0,0,0,0,0,0,0,0,0,0,0,0,0,0,0,0,0,0,0,0,0,0,0
CY01,50,West,0,0,1,0,0,0,0,0,0,0,0,0,0,0,0,0,0,0,0,0,0,0,0,0,0,0,0,0
CY01,60,West,0,0,0,0,1,0,0,0,0,0,0,0,0,0,0,0,0,0,0,0,0,0,0,0,0,0,0,0
CY01,70,West,0.63883618,0,0,0,0,0.36116382,0,0,0,0,0,0,0,0,0,0,0,0,0,0,0,0,0,0,0,0,0,0
CY01,80,West,0,0.098470948,0,0.383180428,0,0,0.29266055,0.154740061,0.070948012,0,0,0,0,0,0,0,0,0,0,0,0,0,0,0,0,0,0,0
CY01,85,West,0.359400998,0.376594565,0,0,0,0,0,0.264004437,0,0,0,0,0,0,0,0,0,0,0,0,0,0,0,0,0,0,0,0
CY01,95,West,0,0,0,0,0,0,0,1,0,0,0,0,0,0,0,0,0,0,0,0,0,0,0,0,0,0,0,0
CY02,5,West,0,1,0,0,0,0,0,0,0,0,0,0,0,0,0,0,0,0,0,0,0,0,0,0,0,0,0,0
CY02,10,West,0.049848943,0.950151057,0,0,0,0,0,0,0,0,0,0,0,0,0,0,0,0,0,0,0,0,0,0,0,0,0,0
CY02,15,West,0.093971819,0.906028181,0,0,0,0,0,0,0,0,0,0,0,0,0,0,0,0,0,0,0,0,0,0,0,0,0,0
CY02,20,West,0,0.395374624,0,0,0.604625376,0,0,0,0,0,0,0,0,0,0,0,0,0,0,0,0,0,0,0,0,0,0,0
CY02,30,West,0,0,0,0,0,0,1,0,0,0,0,0,0,0,0,0,0,0,0,0,0,0,0,0,0,0,0,0
CY02,35,West,0,0,0,1,0,0,0,0,0,0,0,0,0,0,0,0,0,0,0,0,0,0,0,0,0,0,0,0
CY02,45,West,0,0,0,0,0,0,0,1,0,0,0,0,0,0,0,0,0,0,0,0,0,0,0,0,0,0,0,0
CY02,65,West,0,0,0,0,0,0,0,0.833730348,0,0.166269652,0,0,0,0,0,0,0,0,0,0,0,0,0,0,0,0,0,0
CY03,5,West,1,0,0,0,0,0,0,0,0,0,0,0,0,0,0,0,0,0,0,0,0,0,0,0,0,0,0,0
CY03,15,West,1,0,0,0,0,0,0,0,0,0,0,0,0,0,0,0,0,0,0,0,0,0,0,0,0,0,0,0
CY03,20,West,0,1,0,0,0,0,0,0,0,0,0,0,0,0,0,0,0,0,0,0,0,0,0,0,0,0,0,0
CY03,25,West,0.102203469,0,0,0.280043757,0.528520081,0,0,0,0,0,0,0,0.089232693,0,0,0,0,0,0,0,0,0,0,0,0,0,0,0
CY03,35,West,0.623885918,0,0,0,0,0,0,0.376114082,0,0,0,0,0,0,0,0,0,0,0,0,0,0,0,0,0,0,0,0
CY03,40,West,0,0,0,0,0.81734104,0,0,0.18265896,0,0,0,0,0,0,0,0,0,0,0,0,0,0,0,0,0,0,0,0
CY03,45,West,0.026368018,0,0,0,0,0,0.973631982,0,0,0,0,0,0,0,0,0,0,0,0,0,0,0,0,0,0,0,0,0
CY03,50,West,0.009621765,0.129230259,0,0,0.861147976,0,0,0,0,0,0,0,0,0,0,0,0,0,0,0,0,0,0,0,0,0,0,0
CY03,55,West,0.257174151,0.723110624,0,0,0,0,0,0,0.019715225,0,0,0,0,0,0,0,0,0,0,0,0,0,0,0,0,0,0,0
CY03,60,West,0.339717201,0,0,0,0,0,0,0,0.019509576,0,0,0,0,0,0,0,0,0.640773224,0,0,0,0,0,0,0,0,0,0
CY03,65,West,0,0.804855842,0,0,0.039150228,0,0.15599393,0,0,0,0,0,0,0,0,0,0,0,0,0,0,0,0,0,0,0,0,0
CY03,70,West,0,1,0,0,0,0,0,0,0,0,0,0,0,0,0,0,0,0,0,0,0,0,0,0,0,0,0,0
CY03,75,West,0,1,0,0,0,0,0,0,0,0,0,0,0,0,0,0,0,0,0,0,0,0,0,0,0,0,0,0
CY03,80,West,0,1,0,0,0,0,0,0,0,0,0,0,0,0,0,0,0,0,0,0,0,0,0,0,0,0,0,0
CY03,85,West,0,1,0,0,0,0,0,0,0,0,0,0,0,0,0,0,0,0,0,0,0,0,0,0,0,0,0,0
CY03,90,West,0,1,0,0,0,0,0,0,0,0,0,0,0,0,0,0,0,0,0,0,0,0,0,0,0,0,0,0
CY03,95,West,0,1,0,0,0,0,0,0,0,0,0,0,0,0,0,0,0,0,0,0,0,0,0,0,0,0,0,0
CY03,100,West,0,1,0,0,0,0,0,0,0,0,0,0,0,0,0,0,0,0,0,0,0,0,0,0,0,0,0,0
CY03,105,West,0,0.963660578,0,0,0,0,0,0,0,0,0,0,0,0,0,0,0,0.036339422,0,0,0,0,0,0,0,0,0,0
CY03,110,West,0,1,0,0,0,0,0,0,0,0,0,0,0,0,0,0,0,0,0,0,0,0,0,0,0,0,0,0
CY03,115,West,0,1,0,0,0,0,0,0,0,0,0,0,0,0,0,0,0,0,0,0,0,0,0,0,0,0,0,0
CY03,120,West,0,1,0,0,0,0,0,0,0,0,0,0,0,0,0,0,0,0,0,0,0,0,0,0,0,0,0,0
CY03,125,West,0,1,0,0,0,0,0,0,0,0,0,0,0,0,0,0,0,0,0,0,0,0,0,0,0,0,0,0
CY03,130,West,0,0.900309917,0,0,0,0,0.099690083,0,0,0,0,0,0,0,0,0,0,0,0,0,0,0,0,0,0,0,0,0
CY03,135,West,0,1,0,0,0,0,0,0,0,0,0,0,0,0,0,0,0,0,0,0,0,0,0,0,0,0,0,0
CY03,140,West,0,1,0,0,0,0,0,0,0,0,0,0,0,0,0,0,0,0,0,0,0,0,0,0,0,0,0,0
CY03,145,West,0,1,0,0,0,0,0,0,0,0,0,0,0,0,0,0,0,0,0,0,0,0,0,0,0,0,0,0
CY03,150,West,0,0,0,0,1,0,0,0,0,0,0,0,0,0,0,0,0,0,0,0,0,0,0,0,0,0,0,0
HA02,5,West,0,0,0,0,0.71092437,0,0.28907563,0,0,0,0,0,0,0,0,0,0,0,0,0,0,0,0,0,0,0,0,0
HA02,15,West,0,0,0,0,0.622086982,0,0,0,0,0.377913018,0,0,0,0,0,0,0,0,0,0,0,0,0,0,0,0,0,0
HA02,25,West,0,0,0,0,1,0,0,0,0,0,0,0,0,0,0,0,0,0,0,0,0,0,0,0,0,0,0,0
HA02,35,West,0,0,0,0,1,0,0,0,0,0,0,0,0,0,0,0,0,0,0,0,0,0,0,0,0,0,0,0
HA02,40,West,0,0,0,0,1,0,0,0,0,0,0,0,0,0,0,0,0,0,0,0,0,0,0,0,0,0,0,0
HA02,45,West,0,0,0,0,1,0,0,0,0,0,0,0,0,0,0,0,0,0,0,0,0,0,0,0,0,0,0,0
HA02,50,West,0,0,0,0,1,0,0,0,0,0,0,0,0,0,0,0,0,0,0,0,0,0,0,0,0,0,0,0
HA02,55,West,0,0.416732543,0,0,0.583267457,0,0,0,0,0,0,0,0,0,0,0,0,0,0,0,0,0,0,0,0,0,0,0
HA02,60,West,0,0,0,0,0.927339126,0,0.072660874,0,0,0,0,0,0,0,0,0,0,0,0,0,0,0,0,0,0,0,0,0
HA02,70,West,0,0,0,0,1,0,0,0,0,0,0,0,0,0,0,0,0,0,0,0,0,0,0,0,0,0,0,0
HA02,75,West,0,0,0,0,1,0,0,0,0,0,0,0,0,0,0,0,0,0,0,0,0,0,0,0,0,0,0,0
HA02,85,West,0,0,0,0,1,0,0,0,0,0,0,0,0,0,0,0,0,0,0,0,0,0,0,0,0,0,0,0
HA02,95,West,0,0,0,0,1,0,0,0,0,0,0,0,0,0,0,0,0,0,0,0,0,0,0,0,0,0,0,0
HA02,105,West,0,0,0,0,0.940526668,0,0,0,0,0,0.059473332,0,0,0,0,0,0,0,0,0,0,0,0,0,0,0,0,0
HA02,110,West,0,0,0,0,0,0,0,0,0,0,0,1,0,0,0,0,0,0,0,0,0,0,0,0,0,0,0,0
HA02,115,West,0,0,0,0,0,0,0,0,0,0,0,1,0,0,0,0,0,0,0,0,0,0,0,0,0,0,0,0
HA02,120,West,0,0,0,0,1,0,0,0,0,0,0,0,0,0,0,0,0,0,0,0,0,0,0,0,0,0,0,0
HA02,125,West,0,0,0,0,1,0,0,0,0,0,0,0,0,0,0,0,0,0,0,0,0,0,0,0,0,0,0,0
HA02,130,West,0,0,0,0,1,0,0,0,0,0,0,0,0,0,0,0,0,0,0,0,0,0,0,0,0,0,0,0
HA02,140,West,0,0,0,0,1,0,0,0,0,0,0,0,0,0,0,0,0,0,0,0,0,0,0,0,0,0,0,0
HA02,150,West,0,0,0,0,0.446753853,0,0,0,0,0,0,0.553246147,0,0,0,0,0,0,0,0,0,0,0,0,0,0,0,0
HA03,5,West,0.798966111,0,0,0,0,0,0,0,0,0,0,0,0.201033889,0,0,0,0,0,0,0,0,0,0,0,0,0,0,0
HA03,10,West,0.378742011,0,0,0,0,0,0,0,0,0,0,0,0,0.621257989,0,0,0,0,0,0,0,0,0,0,0,0,0,0
HA03,15,West,0,0,0,0,1,0,0,0,0,0,0,0,0,0,0,0,0,0,0,0,0,0,0,0,0,0,0,0
HA03,20,West,1,0,0,0,0,0,0,0,0,0,0,0,0,0,0,0,0,0,0,0,0,0,0,0,0,0,0,0
HA03,25,West,0,0,0,0,0,0,0,0,0,0,0,0,0,1,0,0,0,0,0,0,0,0,0,0,0,0,0,0
HA03,35,West,0,0,0,0,1,0,0,0,0,0,0,0,0,0,0,0,0,0,0,0,0,0,0,0,0,0,0,0
HA03,45,West,0,0,0,0,1,0,0,0,0,0,0,0,0,0,0,0,0,0,0,0,0,0,0,0,0,0,0,0
HA03,50,West,0,0,0,0,1,0,0,0,0,0,0,0,0,0,0,0,0,0,0,0,0,0,0,0,0,0,0,0
HA03,60,West,0,0,0,0,1,0,0,0,0,0,0,0,0,0,0,0,0,0,0,0,0,0,0,0,0,0,0,0
HA03,65,West,0,0,0,0,1,0,0,0,0,0,0,0,0,0,0,0,0,0,0,0,0,0,0,0,0,0,0,0
HA03,70,West,0,0,0,0,1,0,0,0,0,0,0,0,0,0,0,0,0,0,0,0,0,0,0,0,0,0,0,0
HA03,75,West,0,0,0,0,1,0,0,0,0,0,0,0,0,0,0,0,0,0,0,0,0,0,0,0,0,0,0,0
HA03,80,West,0,0,0,0,1,0,0,0,0,0,0,0,0,0,0,0,0,0,0,0,0,0,0,0,0,0,0,0
HA03,90,West,0,0,0,0,1,0,0,0,0,0,0,0,0,0,0,0,0,0,0,0,0,0,0,0,0,0,0,0
HA03,95,West,0,0,0,0,1,0,0,0,0,0,0,0,0,0,0,0,0,0,0,0,0,0,0,0,0,0,0,0
HA03,100,West,0,0,0,0,1,0,0,0,0,0,0,0,0,0,0,0,0,0,0,0,0,0,0,0,0,0,0,0
HA03,105,West,0,0,0,0,1,0,0,0,0,0,0,0,0,0,0,0,0,0,0,0,0,0,0,0,0,0,0,0
HA03,110,West,0,0,0,0,1,0,0,0,0,0,0,0,0,0,0,0,0,0,0,0,0,0,0,0,0,0,0,0
HA03,115,West,0,0,0,0,1,0,0,0,0,0,0,0,0,0,0,0,0,0,0,0,0,0,0,0,0,0,0,0
HA03,120,West,0,0,0,0,1,0,0,0,0,0,0,0,0,0,0,0,0,0,0,0,0,0,0,0,0,0,0,0
HA03,130,West,0,0,0,0,1,0,0,0,0,0,0,0,0,0,0,0,0,0,0,0,0,0,0,0,0,0,0,0
HA03,135,West,0,0,0,0,1,0,0,0,0,0,0,0,0,0,0,0,0,0,0,0,0,0,0,0,0,0,0,0
HA03,140,West,0,0,0,0,1,0,0,0,0,0,0,0,0,0,0,0,0,0,0,0,0,0,0,0,0,0,0,0
HA03,145,West,0,0,0,0,0,0,0,0,0,0,1,0,0,0,0,0,0,0,0,0,0,0,0,0,0,0,0,0
HA03,150,West,0,1,0,0,0,0,0,0,0,0,0,0,0,0,0,0,0,0,0,0,0,0,0,0,0,0,0,0
HA03,155,West,0,0,0,0,0,0,0,0,0,0,1,0,0,0,0,0,0,0,0,0,0,0,0,0,0,0,0,0
HA03,160,West,0,0,0,0.410702341,0,0,0,0,0,0,0,0,0,0.589297659,0,0,0,0,0,0,0,0,0,0,0,0,0,0
HA03,165,West,0,0,0,0,0,0,1,0,0,0,0,0,0,0,0,0,0,0,0,0,0,0,0,0,0,0,0,0
HA03,170,West,0,0,0,0,0,0.60011217,0.39988783,0,0,0,0,0,0,0,0,0,0,0,0,0,0,0,0,0,0,0,0,0
HA03,190,West,0,0,0,0,0,0,1,0,0,0,0,0,0,0,0,0,0,0,0,0,0,0,0,0,0,0,0,0
HA03,200,West,0,0,0,0,0,0,1,0,0,0,0,0,0,0,0,0,0,0,0,0,0,0,0,0,0,0,0,0
HA03,210,West,0,0,0,0,0.482834186,0,0.465668371,0,0,0,0,0,0.051497443,0,0,0,0,0,0,0,0,0,0,0,0,0,0,0
HA04,5,West,0,0,0,0,0,0,0,0,0,0,0,0,0,0,1,0,0,0,0,0,0,0,0,0,0,0,0,0
HA04,10,West,0,0,0,0,0,0,0,0,0,0,0,0,0,0,1,0,0,0,0,0,0,0,0,0,0,0,0,0
HA04,25,West,0,0,0,0,0.405801264,0,0,0,0,0,0,0,0.594198736,0,0,0,0,0,0,0,0,0,0,0,0,0,0,0
HA04,30,West,0,0,0,0,1,0,0,0,0,0,0,0,0,0,0,0,0,0,0,0,0,0,0,0,0,0,0,0
HA04,35,West,0,0,0,0,1,0,0,0,0,0,0,0,0,0,0,0,0,0,0,0,0,0,0,0,0,0,0,0
HA05,10,West,0.375,0,0,0,0.625,0,0,0,0,0,0,0,0,0,0,0,0,0,0,0,0,0,0,0,0,0,0,0
HA05,25,West,0,0,0,0.069777778,0,0,0,0.008888889,0.137333333,0,0,0,0,0,0,0,0,0.7,0,0,0.084,0,0,0,0,0,0,0
HA05,30,West,0,0,0,0.012353568,0,0,0,0,0,0,0,0,0,0,0,0,0,0.956336528,0,0,0,0.031309904,0,0,0,0,0,0
HA05,35,West,0.252542967,0,0,0.046650298,0,0,0,0,0,0,0,0,0,0,0,0,0,0.700806734,0,0,0,0,0,0,0,0,0,0
HA05,40,West,0.360029663,0,0,0,0.064886911,0,0,0,0.22246941,0,0,0,0,0,0,0,0,0.352614016,0,0,0,0,0,0,0,0,0,0
HA05,45,West,0.075773746,0,0,0,0,0,0,0,0,0,0,0,0,0,0,0,0,0.924226254,0,0,0,0,0,0,0,0,0,0
HA05,50,West,0,0,0,0,0,0,0,0,0,0,0,0,0,0,0,0,0,1,0,0,0,0,0,0,0,0,0,0
HA05,55,West,0.373907615,0,0,0,0,0,0,0.555243446,0,0,0,0,0,0,0,0,0,0.070848939,0,0,0,0,0,0,0,0,0,0
HA05,60,West,0.086451613,0,0,0,0,0,0,0.88483871,0,0,0,0,0,0,0,0,0,0.028709677,0,0,0,0,0,0,0,0,0,0
HA05,65,West,0,0,0,0,0,0,0,1,0,0,0,0,0,0,0,0,0,0,0,0,0,0,0,0,0,0,0,0
HA05,70,West,0,0,0,0,0.047112462,0,0,0.896656535,0.056231003,0,0,0,0,0,0,0,0,0,0,0,0,0,0,0,0,0,0,0
HA06,5,West,0,0,0,1,0,0,0,0,0,0,0,0,0,0,0,0,0,0,0,0,0,0,0,0,0,0,0,0
HA06,10,West,0,0,0,0,0,0,0,0,0,0,0,0,0,0,0,0,0,0,0,0,0,0,1,0,0,0,0,0
HA06,15,West,0,0,0,0,0,0,0,0,0,0,0,0,0,0,0,0,0,0,0,0,0,0,1,0,0,0,0,0
HA06,20,West,0.237373737,0,0,0,0,0,0,0,0,0,0,0,0,0,0,0,0,0,0,0,0,0,0.762626263,0,0,0,0,0
HA06,25,West,1,0,0,0,0,0,0,0,0,0,0,0,0,0,0,0,0,0,0,0,0,0,0,0,0,0,0,0
HA06,30,West,0.010685406,0,0,0.004331921,0,0,0,0,0,0,0,0,0,0,0,0,0,0,0,0,0,0,0.984982672,0,0,0,0,0
HA06,35,West,0,0,0.666960871,0.109443954,0,0,0,0,0,0,0,0,0,0.085319212,0,0,0,0,0,0,0,0,0.138275964,0,0,0,0,0
HA06,40,West,0,0,0,0.264492754,0,0,0,0,0,0,0,0,0,0,0,0,0,0,0.735507246,0,0,0,0,0,0,0,0,0
HA06,45,West,0,0,0,0,0,0,0,0,0,0,0,0,0,0,0,0,0,0,1,0,0,0,0,0,0,0,0,0
HA06,50,West,0.661605206,0,0,0,0,0,0,0,0,0,0,0,0,0.338394794,0,0,0,0,0,0,0,0,0,0,0,0,0,0
HA06,55,West,1,0,0,0,0,0,0,0,0,0,0,0,0,0,0,0,0,0,0,0,0,0,0,0,0,0,0,0
HA06,60,West,0,0,0,1,0,0,0,0,0,0,0,0,0,0,0,0,0,0,0,0,0,0,0,0,0,0,0,0
HA06,65,West,0,0,0,0,0,0,0,0.537619699,0,0,0,0,0,0,0,0,0,0,0,0,0,0,0,0.462380301,0,0,0,0
HA06,70,West,0.076735688,0.923264312,0,0,0,0,0,0,0,0,0,0,0,0,0,0,0,0,0,0,0,0,0,0,0,0,0,0
HA06,75,West,0,0.090282564,0,0.884906961,0,0,0,0,0,0,0.024810476,0,0,0,0,0,0,0,0,0,0,0,0,0,0,0,0,0
HA06,80,West,0,0,0,0.264343541,0,0,0.700809574,0,0,0,0,0,0,0.034846885,0,0,0,0,0,0,0,0,0,0,0,0,0,0
HA06,85,West,0.203274986,0,0,0,0,0,0.706004141,0,0,0,0.090720873,0,0,0,0,0,0,0,0,0,0,0,0,0,0,0,0,0
HA06,90,West,0.048831899,0,0,0.951168101,0,0,0,0,0,0,0,0,0,0,0,0,0,0,0,0,0,0,0,0,0,0,0,0
HA06,95,West,0,0,0,0,1,0,0,0,0,0,0,0,0,0,0,0,0,0,0,0,0,0,0,0,0,0,0,0
HA06,100,West,0,0,0,0,1,0,0,0,0,0,0,0,0,0,0,0,0,0,0,0,0,0,0,0,0,0,0,0
HA06,105,West,0,0,0,0,1,0,0,0,0,0,0,0,0,0,0,0,0,0,0,0,0,0,0,0,0,0,0,0
SM01,10,West,0.235812883,0,0,0,0,0,0,0,0,0,0,0,0,0,0,0.555214724,0.208972393,0,0,0,0,0,0,0,0,0,0,0
SM01,15,West,0,0,0,0.799525316,0,0,0,0.15585443,0,0,0,0,0,0,0,0.044620253,0,0,0,0,0,0,0,0,0,0,0,0
SM01,20,West,0,0,0,0.657754011,0,0,0,0,0,0,0,0,0,0,0,0,0.342245989,0,0,0,0,0,0,0,0,0,0,0
SM01,35,West,1,0,0,0,0,0,0,0,0,0,0,0,0,0,0,0,0,0,0,0,0,0,0,0,0,0,0,0
SM01,45,West,0,0,0,0,0,0,1,0,0,0,0,0,0,0,0,0,0,0,0,0,0,0,0,0,0,0,0,0
SM01,50,West,0,0,0,0,0,0,1,0,0,0,0,0,0,0,0,0,0,0,0,0,0,0,0,0,0,0,0,0
SM01,55,West,0,1,0,0,0,0,0,0,0,0,0,0,0,0,0,0,0,0,0,0,0,0,0,0,0,0,0,0
SM01,60,West,0,0,0,0,0,0,0,0,0,0,1,0,0,0,0,0,0,0,0,0,0,0,0,0,0,0,0,0
SM01,65,West,0,0,0,0,1,0,0,0,0,0,0,0,0,0,0,0,0,0,0,0,0,0,0,0,0,0,0,0
SM01,75,West,0,0,0,0.359649123,0.414642375,0,0,0,0,0,0,0,0,0,0,0,0,0.225708502,0,0,0,0,0,0,0,0,0,0
SM01,85,West,1,0,0,0,0,0,0,0,0,0,0,0,0,0,0,0,0,0,0,0,0,0,0,0,0,0,0,0
SM01,90,West,0.236747851,0,0,0,0,0,0,0,0,0,0,0,0,0,0,0,0,0,0.62034384,0.142908309,0,0,0,0,0,0,0,0
SM01,95,West,1,0,0,0,0,0,0,0,0,0,0,0,0,0,0,0,0,0,0,0,0,0,0,0,0,0,0,0
SM01,100,West,0,0,1,0,0,0,0,0,0,0,0,0,0,0,0,0,0,0,0,0,0,0,0,0,0,0,0,0
SM01,105,West,0.780905753,0.219094247,0,0,0,0,0,0,0,0,0,0,0,0,0,0,0,0,0,0,0,0,0,0,0,0,0,0
SM01,110,West,0.092939202,0.161352782,0,0.04001549,0,0,0.705692526,0,0,0,0,0,0,0,0,0,0,0,0,0,0,0,0,0,0,0,0,0
SM01,120,West,0.698045267,0,0,0,0,0,0,0.301954733,0,0,0,0,0,0,0,0,0,0,0,0,0,0,0,0,0,0,0,0
SM01,125,West,0,0.90910919,0,0,0.09089081,0,0,0,0,0,0,0,0,0,0,0,0,0,0,0,0,0,0,0,0,0,0,0
SM01,135,West,0,0.189435337,0.534608379,0,0.275956284,0,0,0,0,0,0,0,0,0,0,0,0,0,0,0,0,0,0,0,0,0,0,0
SM01,140,West,0,0,1,0,0,0,0,0,0,0,0,0,0,0,0,0,0,0,0,0,0,0,0,0,0,0,0,0
SM01,145,West,0,0,1,0,0,0,0,0,0,0,0,0,0,0,0,0,0,0,0,0,0,0,0,0,0,0,0,0
SM01,150,West,0,0,0,0,0,0,0,0,0,0,0,1,0,0,0,0,0,0,0,0,0,0,0,0,0,0,0,0
SM01,155,West,0,0,0,0,0.8,0,0,0,0,0,0,0.2,0,0,0,0,0,0,0,0,0,0,0,0,0,0,0,0
SM01,160,West,0,0,0,0,1,0,0,0,0,0,0,0,0,0,0,0,0,0,0,0,0,0,0,0,0,0,0,0
SM01,165,West,0,0,0,0,1,0,0,0,0,0,0,0,0,0,0,0,0,0,0,0,0,0,0,0,0,0,0,0
SM01,175,West,0,0,0,0,1,0,0,0,0,0,0,0,0,0,0,0,0,0,0,0,0,0,0,0,0,0,0,0
SM01,180,West,0,0,0.547674419,0,0.452325581,0,0,0,0,0,0,0,0,0,0,0,0,0,0,0,0,0,0,0,0,0,0,0
SM01,185,West,0,0,0.682267442,0,0.317732558,0,0,0,0,0,0,0,0,0,0,0,0,0,0,0,0,0,0,0,0,0,0,0
SM01,190,West,0,0,0.224133369,0,0.775866631,0,0,0,0,0,0,0,0,0,0,0,0,0,0,0,0,0,0,0,0,0,0,0
SM01,195,West,0,0,0,0,1,0,0,0,0,0,0,0,0,0,0,0,0,0,0,0,0,0,0,0,0,0,0,0
SM01,200,West,0,0,0,0,1,0,0,0,0,0,0,0,0,0,0,0,0,0,0,0,0,0,0,0,0,0,0,0
SM01,210,West,0,0,0,0,1,0,0,0,0,0,0,0,0,0,0,0,0,0,0,0,0,0,0,0,0,0,0,0
SM01,215,West,0,0,0,0,1,0,0,0,0,0,0,0,0,0,0,0,0,0,0,0,0,0,0,0,0,0,0,0
SM01,220,West,0,0,0,0,1,0,0,0,0,0,0,0,0,0,0,0,0,0,0,0,0,0,0,0,0,0,0,0
SM01,225,West,0,0,0,0,1,0,0,0,0,0,0,0,0,0,0,0,0,0,0,0,0,0,0,0,0,0,0,0
SM01,230,West,0,0,0,0,1,0,0,0,0,0,0,0,0,0,0,0,0,0,0,0,0,0,0,0,0,0,0,0
SM01,235,West,0,0,0,0,1,0,0,0,0,0,0,0,0,0,0,0,0,0,0,0,0,0,0,0,0,0,0,0
SM01,240,West,0,0,0,0,1,0,0,0,0,0,0,0,0,0,0,0,0,0,0,0,0,0,0,0,0,0,0,0
SM01,245,West,0,0,0,0,1,0,0,0,0,0,0,0,0,0,0,0,0,0,0,0,0,0,0,0,0,0,0,0
SM02,15,West,0.141394996,0,0,0.858605004,0,0,0,0,0,0,0,0,0,0,0,0,0,0,0,0,0,0,0,0,0,0,0,0
SM02,25,West,1,0,0,0,0,0,0,0,0,0,0,0,0,0,0,0,0,0,0,0,0,0,0,0,0,0,0,0
SM02,30,West,1,0,0,0,0,0,0,0,0,0,0,0,0,0,0,0,0,0,0,0,0,0,0,0,0,0,0,0
SM02,35,West,0,0,0,0,1,0,0,0,0,0,0,0,0,0,0,0,0,0,0,0,0,0,0,0,0,0,0,0
SM02,40,West,0.31029987,0,0.309973924,0,0.379726206,0,0,0,0,0,0,0,0,0,0,0,0,0,0,0,0,0,0,0,0,0,0,0
SM02,50,West,0,0,0,0,0.462392109,0,0,0.537607891,0,0,0,0,0,0,0,0,0,0,0,0,0,0,0,0,0,0,0,0
SM02,55,West,0,0,0,0,0,0,0,1,0,0,0,0,0,0,0,0,0,0,0,0,0,0,0,0,0,0,0,0
SM02,65,West,0,0,0,0,1,0,0,0,0,0,0,0,0,0,0,0,0,0,0,0,0,0,0,0,0,0,0,0
SM02,70,West,0.5,0,0,0,0.5,0,0,0,0,0,0,0,0,0,0,0,0,0,0,0,0,0,0,0,0,0,0,0
SM02,75,West,0,0,0,0,1,0,0,0,0,0,0,0,0,0,0,0,0,0,0,0,0,0,0,0,0,0,0,0
SM02,80,West,0,0,0,0,1,0,0,0,0,0,0,0,0,0,0,0,0,0,0,0,0,0,0,0,0,0,0,0
SM02,95,West,0,0,0,0,1,0,0,0,0,0,0,0,0,0,0,0,0,0,0,0,0,0,0,0,0,0,0,0
SM02,100,West,0.043550941,0,0,0,0.956449059,0,0,0,0,0,0,0,0,0,0,0,0,0,0,0,0,0,0,0,0,0,0,0
SM03,20,West,1,0,0,0,0,0,0,0,0,0,0,0,0,0,0,0,0,0,0,0,0,0,0,0,0,0,0,0
SM03,25,West,0.115469788,0,0,0,0.884530212,0,0,0,0,0,0,0,0,0,0,0,0,0,0,0,0,0,0,0,0,0,0,0
SM03,30,West,0,0,0,0,1,0,0,0,0,0,0,0,0,0,0,0,0,0,0,0,0,0,0,0,0,0,0,0
SM03,35,West,0,0,0,0,1,0,0,0,0,0,0,0,0,0,0,0,0,0,0,0,0,0,0,0,0,0,0,0
SM03,40,West,0.56744186,0,0,0,0.43255814,0,0,0,0,0,0,0,0,0,0,0,0,0,0,0,0,0,0,0,0,0,0,0
SM03,70,West,0,0,0,0,0,0,0,0,0,0,0,0,0,0,1,0,0,0,0,0,0,0,0,0,0,0,0,0
SM03,75,West,0,0,0,0,0,0,0,0,0,0,0,0,0,0,1,0,0,0,0,0,0,0,0,0,0,0,0,0
SM03,80,West,0,0,0,0,0,0,0,0,0,0,0,0,0,0,1,0,0,0,0,0,0,0,0,0,0,0,0,0
SM03,85,West,0,0,0,0,0.2,0,0,0,0,0,0,0,0,0,0.8,0,0,0,0,0,0,0,0,0,0,0,0,0
SM03,90,West,0,0,0,0,1,0,0,0,0,0,0,0,0,0,0,0,0,0,0,0,0,0,0,0,0,0,0,0
SM03,95,West,0,0,0,0,1,0,0,0,0,0,0,0,0,0,0,0,0,0,0,0,0,0,0,0,0,0,0,0
SM03,100,West,0,0,0,0,1,0,0,0,0,0,0,0,0,0,0,0,0,0,0,0,0,0,0,0,0,0,0,0
SM03,105,West,0,0,0,0,1,0,0,0,0,0,0,0,0,0,0,0,0,0,0,0,0,0,0,0,0,0,0,0
SM03,110,West,0,0,0,0,1,0,0,0,0,0,0,0,0,0,0,0,0,0,0,0,0,0,0,0,0,0,0,0
SM03,115,West,0,0,0,0,1,0,0,0,0,0,0,0,0,0,0,0,0,0,0,0,0,0,0,0,0,0,0,0
SM03,120,West,0,0,0,0,1,0,0,0,0,0,0,0,0,0,0,0,0,0,0,0,0,0,0,0,0,0,0,0
SM03,125,West,0,0,0,0,1,0,0,0,0,0,0,0,0,0,0,0,0,0,0,0,0,0,0,0,0,0,0,0
SM03,130,West,0,0,0,0,1,0,0,0,0,0,0,0,0,0,0,0,0,0,0,0,0,0,0,0,0,0,0,0
SM03,135,West,0,0,0,0,1,0,0,0,0,0,0,0,0,0,0,0,0,0,0,0,0,0,0,0,0,0,0,0
SM03,140,West,0,0,0,0,1,0,0,0,0,0,0,0,0,0,0,0,0,0,0,0,0,0,0,0,0,0,0,0
SM03,145,West,0,0,0,0,1,0,0,0,0,0,0,0,0,0,0,0,0,0,0,0,0,0,0,0,0,0,0,0
SM03,150,West,0,0,0,0,1,0,0,0,0,0,0,0,0,0,0,0,0,0,0,0,0,0,0,0,0,0,0,0
SM03,155,West,0,0,0,0,1,0,0,0,0,0,0,0,0,0,0,0,0,0,0,0,0,0,0,0,0,0,0,0
SM03,160,West,0,0,0,0,1,0,0,0,0,0,0,0,0,0,0,0,0,0,0,0,0,0,0,0,0,0,0,0
SM03,165,West,0,0,0,0,1,0,0,0,0,0,0,0,0,0,0,0,0,0,0,0,0,0,0,0,0,0,0,0
SM03,175,West,0,0,0,0,1,0,0,0,0,0,0,0,0,0,0,0,0,0,0,0,0,0,0,0,0,0,0,0
SM03,180,West,0,0,0,0,1,0,0,0,0,0,0,0,0,0,0,0,0,0,0,0,0,0,0,0,0,0,0,0
SM03,185,West,0,0,0,0,1,0,0,0,0,0,0,0,0,0,0,0,0,0,0,0,0,0,0,0,0,0,0,0
SM03,190,West,0,0,0,0,1,0,0,0,0,0,0,0,0,0,0,0,0,0,0,0,0,0,0,0,0,0,0,0
SM03,195,West,0,0,0,0,1,0,0,0,0,0,0,0,0,0,0,0,0,0,0,0,0,0,0,0,0,0,0,0
SM03,200,West,0,0,0,0,1,0,0,0,0,0,0,0,0,0,0,0,0,0,0,0,0,0,0,0,0,0,0,0
SM03,205,West,0,0,0,0,1,0,0,0,0,0,0,0,0,0,0,0,0,0,0,0,0,0,0,0,0,0,0,0
SM03,210,West,0,0,0,0,1,0,0,0,0,0,0,0,0,0,0,0,0,0,0,0,0,0,0,0,0,0,0,0
SM03,215,West,0,0,0,0,1,0,0,0,0,0,0,0,0,0,0,0,0,0,0,0,0,0,0,0,0,0,0,0
SM03,220,West,0,0,0,0,1,0,0,0,0,0,0,0,0,0,0,0,0,0,0,0,0,0,0,0,0,0,0,0
SM04,25,West,0,0,0,0,1,0,0,0,0,0,0,0,0,0,0,0,0,0,0,0,0,0,0,0,0,0,0,0
SM04,35,West,0,0.065170479,0,0,0.891670263,0,0,0,0,0,0,0,0,0,0,0,0,0,0,0,0,0,0.043159258,0,0,0,0,0
SM04,40,West,0,0,0,0.066906845,0.933093155,0,0,0,0,0,0,0,0,0,0,0,0,0,0,0,0,0,0,0,0,0,0,0
SM04,45,West,0,0,0,0,1,0,0,0,0,0,0,0,0,0,0,0,0,0,0,0,0,0,0,0,0,0,0,0
SM04,50,West,0.160946746,0,0,0,0.839053254,0,0,0,0,0,0,0,0,0,0,0,0,0,0,0,0,0,0,0,0,0,0,0
SM04,55,West,0,0,0.027127319,0,0.972872681,0,0,0,0,0,0,0,0,0,0,0,0,0,0,0,0,0,0,0,0,0,0,0
SM04,60,West,0,0,0,0,1,0,0,0,0,0,0,0,0,0,0,0,0,0,0,0,0,0,0,0,0,0,0,0
SM04,65,West,0,0,0,0,1,0,0,0,0,0,0,0,0,0,0,0,0,0,0,0,0,0,0,0,0,0,0,0
SM04,70,West,0,0,0,0,0.975897921,0,0,0,0,0,0.024102079,0,0,0,0,0,0,0,0,0,0,0,0,0,0,0,0,0
SM04,75,West,0,0,0,0.021417445,0.978582555,0,0,0,0,0,0,0,0,0,0,0,0,0,0,0,0,0,0,0,0,0,0,0
SM04,80,West,0,0,0,0,1,0,0,0,0,0,0,0,0,0,0,0,0,0,0,0,0,0,0,0,0,0,0,0
SM04,85,West,0,0,0,0,1,0,0,0,0,0,0,0,0,0,0,0,0,0,0,0,0,0,0,0,0,0,0,0
SM04,90,West,0.168779186,0,0,0,0,0,0,0,0,0,0,0,0,0,0,0,0,0,0,0,0,0,0,0.831220814,0,0,0,0
SM04,95,West,0,0,0,0,0.349264706,0,0,0,0,0,0.650735294,0,0,0,0,0,0,0,0,0,0,0,0,0,0,0,0,0
SM04,100,West,0,0,0,0,0.330843116,0,0,0,0,0,0.669156884,0,0,0,0,0,0,0,0,0,0,0,0,0,0,0,0,0
SM04,105,West,0,0,0,0,0.801059135,0,0,0,0,0,0.198940865,0,0,0,0,0,0,0,0,0,0,0,0,0,0,0,0,0
SM04,110,West,0,0,0,0,1,0,0,0,0,0,0,0,0,0,0,0,0,0,0,0,0,0,0,0,0,0,0,0
SM04,115,West,0,0,0,0,0.132151151,0,0,0,0,0,0.867848849,0,0,0,0,0,0,0,0,0,0,0,0,0,0,0,0,0
SM04,120,West,0,0,0,0,0,0,0,0,0,0,1,0,0,0,0,0,0,0,0,0,0,0,0,0,0,0,0,0
SM04,125,West,0,0,0,0.442487419,0,0,0.557512581,0,0,0,0,0,0,0,0,0,0,0,0,0,0,0,0,0,0,0,0,0
SM04,130,West,0,0,0,0,0,0,1,0,0,0,0,0,0,0,0,0,0,0,0,0,0,0,0,0,0,0,0,0
SM04,135,West,0,0,0,0,0,0,1,0,0,0,0,0,0,0,0,0,0,0,0,0,0,0,0,0,0,0,0,0
SM04,140,West,0,0,0,0,0,0,1,0,0,0,0,0,0,0,0,0,0,0,0,0,0,0,0,0,0,0,0,0
SM04,145,West,0,0,0,0,0,0,1,0,0,0,0,0,0,0,0,0,0,0,0,0,0,0,0,0,0,0,0,0
SM04,150,West,0,0,0,0,0,0,1,0,0,0,0,0,0,0,0,0,0,0,0,0,0,0,0,0,0,0,0,0
SM04,155,West,0,0,0,0,0,0,1,0,0,0,0,0,0,0,0,0,0,0,0,0,0,0,0,0,0,0,0,0
SM04,165,West,0,0,0,0,0,0,1,0,0,0,0,0,0,0,0,0,0,0,0,0,0,0,0,0,0,0,0,0
SM04,170,West,0,0,0,0,1,0,0,0,0,0,0,0,0,0,0,0,0,0,0,0,0,0,0,0,0,0,0,0
SM04,175,West,0,0,0,0,1,0,0,0,0,0,0,0,0,0,0,0,0,0,0,0,0,0,0,0,0,0,0,0
SM04,180,West,0.242165242,0,0,0,0.757834758,0,0,0,0,0,0,0,0,0,0,0,0,0,0,0,0,0,0,0,0,0,0,0
SM04,185,West,0,0,0,0,0.699609616,0,0,0,0,0,0,0,0,0,0,0,0,0,0,0,0.300390384,0,0,0,0,0,0,0
SM04,190,West,0,0.031921424,0,0,0.103744629,0,0,0.292203806,0,0,0,0,0,0,0,0,0,0,0,0.55985267,0.012277471,0,0,0,0,0,0,0
SM04,195,West,0,0,0,0,0.030325174,0,0,0,0,0,0,0,0,0,0,0,0,0,0,0.969674826,0,0,0,0,0,0,0,0
SM04,200,West,0.008217892,0,0,0,0.301009627,0,0,0,0,0,0,0,0,0,0,0,0,0,0,0.690772482,0,0,0,0,0,0,0,0
SM04,205,West,0.004969826,0,0,0,0.51970181,0,0,0.475328364,0,0,0,0,0,0,0,0,0,0,0,0,0,0,0,0,0,0,0,0
SM04,210,West,0,0,0,0,0.241473397,0,0,0.758526603,0,0,0,0,0,0,0,0,0,0,0,0,0,0,0,0,0,0,0,0
SM04,215,West,0,0,0,0,1,0,0,0,0,0,0,0,0,0,0,0,0,0,0,0,0,0,0,0,0,0,0,0
SM05,5,West,0.536585366,0,0,0.463414634,0,0,0,0,0,0,0,0,0,0,0,0,0,0,0,0,0,0,0,0,0,0,0,0
SM05,15,West,0,0,0,0.037878788,0.381818182,0,0,0,0,0,0,0,0,0,0,0,0,0,0,0,0,0,0,0,0.58030303,0,0,0
SM05,25,West,0,0,0,0,0.411858974,0,0.230540293,0,0,0,0,0,0,0,0.108058608,0,0,0,0.249542125,0,0,0,0,0,0,0,0,0
SM05,30,West,0,0.812928656,0,0.06054395,0.038076468,0,0,0,0,0,0.010642491,0,0,0,0,0,0,0,0,0,0,0,0,0,0,0.077808435,0,0
SM05,35,West,0,0,0,0.110004742,0.872925557,0,0,0,0,0,0,0,0,0,0,0,0,0,0,0,0,0,0,0,0,0,0.017069701,0
SM05,40,West,0,0,0,0,0.069841056,0,0,0.004647091,0,0,0,0,0,0,0,0,0,0,0,0,0,0,0.925511853,0,0,0,0,0
SM05,50,West,0,0,0,0,0.072322942,0,0,0,0,0,0,0,0,0,0,0,0,0,0,0,0,0,0.927677058,0,0,0,0,0
SM06,25,West,0.088156723,0,0,0,0.911843277,0,0,0,0,0,0,0,0,0,0,0,0,0,0,0,0,0,0,0,0,0,0,0
SM06,35,West,0.039484622,0,0,0,0.960515378,0,0,0,0,0,0,0,0,0,0,0,0,0,0,0,0,0,0,0,0,0,0,0
SM06,40,West,0.01816092,0,0,0,0.872643678,0,0,0,0.109195402,0,0,0,0,0,0,0,0,0,0,0,0,0,0,0,0,0,0,0
SM06,45,West,0.023410171,0,0,0,0.949502198,0,0,0,0.027087631,0,0,0,0,0,0,0,0,0,0,0,0,0,0,0,0,0,0,0
SM06,50,West,0.217995948,0,0,0.133910481,0.648093572,0,0,0,0,0,0,0,0,0,0,0,0,0,0,0,0,0,0,0,0,0,0,0
SM06,55,West,0.243563547,0,0,0,0.740362348,0,0,0,0,0,0,0,0,0,0,0,0,0,0.016074104,0,0,0,0,0,0,0,0,0
SM06,60,West,0.010236135,0,0,0.004116118,0.985647747,0,0,0,0,0,0,0,0,0,0,0,0,0,0,0,0,0,0,0,0,0,0,0
SM06,65,West,0.003503363,0,0,0,0.960902466,0,0.03559417,0,0,0,0,0,0,0,0,0,0,0,0,0,0,0,0,0,0,0,0,0
SM06,70,West,0,0,0,0,0,0,0.976450512,0,0,0,0,0,0,0,0,0,0,0,0.023549488,0,0,0,0,0,0,0,0,0
SM06,75,West,0.049650725,0,0,0,0.821386351,0,0,0,0,0,0,0,0,0.128962923,0,0,0,0,0,0,0,0,0,0,0,0,0,0
SM06,80,West,0.011154856,0,0,0,0.988845144,0,0,0,0,0,0,0,0,0,0,0,0,0,0,0,0,0,0,0,0,0,0,0
SM06,85,West,0.064835614,0,0,0,0.871860323,0,0,0,0,0,0,0,0,0.017868082,0,0,0,0,0.045435981,0,0,0,0,0,0,0,0,0
SM06,90,West,0,0,0,0,1,0,0,0,0,0,0,0,0,0,0,0,0,0,0,0,0,0,0,0,0,0,0,0
SM06,95,West,0.195436335,0,0,0,0.731579864,0,0,0,0,0,0,0,0,0.072983801,0,0,0,0,0,0,0,0,0,0,0,0,0,0
SM06,100,West,0.182232346,0,0,0,0.817767654,0,0,0,0,0,0,0,0,0,0,0,0,0,0,0,0,0,0,0,0,0,0,0
SM06,110,West,0,0,0,0,0.960784314,0,0,0,0,0.03224761,0,0,0,0.006968076,0,0,0,0,0,0,0,0,0,0,0,0,0,0
SM06,115,West,0,0,0,0,0.815221507,0,0,0,0,0,0,0,0,0.184778493,0,0,0,0,0,0,0,0,0,0,0,0,0,0
SM06,120,West,0,0,0,0,0.655311633,0,0,0,0,0.115569013,0,0,0,0,0,0,0,0,0.229119354,0,0,0,0,0,0,0,0,0
SM06,125,West,0,0,0,0,1,0,0,0,0,0,0,0,0,0,0,0,0,0,0,0,0,0,0,0,0,0,0,0
SM06,130,West,0,0,0,0,0.447556866,0,0.279696714,0,0,0.057076664,0,0,0,0,0,0,0,0,0.215669756,0,0,0,0,0,0,0,0,0
SM06,140,West,0,1,0,0,0,0,0,0,0,0,0,0,0,0,0,0,0,0,0,0,0,0,0,0,0,0,0,0
SM06,145,West,0,1,0,0,0,0,0,0,0,0,0,0,0,0,0,0,0,0,0,0,0,0,0,0,0,0,0,0
SM06,150,West,0,0,0,0,1,0,0,0,0,0,0,0,0,0,0,0,0,0,0,0,0,0,0,0,0,0,0,0
SM06,155,West,0,1,0,0,0,0,0,0,0,0,0,0,0,0,0,0,0,0,0,0,0,0,0,0,0,0,0,0
SM06,160,West,0,1,0,0,0,0,0,0,0,0,0,0,0,0,0,0,0,0,0,0,0,0,0,0,0,0,0,0
SM06,165,West,0,0.962439385,0,0,0,0,0,0,0,0.037560615,0,0,0,0,0,0,0,0,0,0,0,0,0,0,0,0,0,0
SM06,170,West,0,1,0,0,0,0,0,0,0,0,0,0,0,0,0,0,0,0,0,0,0,0,0,0,0,0,0,0
SM06,175,West,0,1,0,0,0,0,0,0,0,0,0,0,0,0,0,0,0,0,0,0,0,0,0,0,0,0,0,0
SM06,180,West,0,1,0,0,0,0,0,0,0,0,0,0,0,0,0,0,0,0,0,0,0,0,0,0,0,0,0,0
SM06,185,West,0,1,0,0,0,0,0,0,0,0,0,0,0,0,0,0,0,0,0,0,0,0,0,0,0,0,0,0
SM06,190,West,0,1,0,0,0,0,0,0,0,0,0,0,0,0,0,0,0,0,0,0,0,0,0,0,0,0,0,0
SM06,195,West,0,1,0,0,0,0,0,0,0,0,0,0,0,0,0,0,0,0,0,0,0,0,0,0,0,0,0,0
SM06,200,West,0,1,0,0,0,0,0,0,0,0,0,0,0,0,0,0,0,0,0,0,0,0,0,0,0,0,0,0
SM06,205,West,0,1,0,0,0,0,0,0,0,0,0,0,0,0,0,0,0,0,0,0,0,0,0,0,0,0,0,0
SM06,210,West,0,1,0,0,0,0,0,0,0,0,0,0,0,0,0,0,0,0,0,0,0,0,0,0,0,0,0,0
SM06,215,West,0,1,0,0,0,0,0,0,0,0,0,0,0,0,0,0,0,0,0,0,0,0,0,0,0,0,0,0
SM06,220,West,0,1,0,0,0,0,0,0,0,0,0,0,0,0,0,0,0,0,0,0,0,0,0,0,0,0,0,0
SM06,225,West,0,1,0,0,0,0,0,0,0,0,0,0,0,0,0,0,0,0,0,0,0,0,0,0,0,0,0,0
SM06,230,West,0,1,0,0,0,0,0,0,0,0,0,0,0,0,0,0,0,0,0,0,0,0,0,0,0,0,0,0
SM06,235,West,0,1,0,0,0,0,0,0,0,0,0,0,0,0,0,0,0,0,0,0,0,0,0,0,0,0,0,0
SM06,240,West,0,1,0,0,0,0,0,0,0,0,0,0,0,0,0,0,0,0,0,0,0,0,0,0,0,0,0,0
SM06,245,West,0,1,0,0,0,0,0,0,0,0,0,0,0,0,0,0,0,0,0,0,0,0,0,0,0,0,0,0
SM06,250,West,0,1,0,0,0,0,0,0,0,0,0,0,0,0,0,0,0,0,0,0,0,0,0,0,0,0,0,0
SM06,255,West,0,1,0,0,0,0,0,0,0,0,0,0,0,0,0,0,0,0,0,0,0,0,0,0,0,0,0,0
SM06,260,West,0.022138837,0.927704816,0,0,0,0,0,0,0,0,0,0,0,0.050156348,0,0,0,0,0,0,0,0,0,0,0,0,0,0
KS01,20,East,0,0,0,0,0,0,0,0,1,0,0,0,0,0,0,0,0,0,0,0,0,0,0,0,0,0,0,0
KS01,25,East,0.130197682,0,0,0,0,0,0,0,0.745057941,0.124744376,0,0,0,0,0,0,0,0,0,0,0,0,0,0,0,0,0,0
KS01,40,East,0.012472304,0,0,0,0,0,0,0,0.016653563,0,0,0,0,0,0,0,0,0,0,0,0,0,0.970874133,0,0,0,0,0
KS01,30,East,0,0.161255702,0,0,0.671317413,0,0,0,0.071907701,0,0.007781057,0,0.007915213,0,0,0,0,0,0,0,0,0,0,0,0,0,0.079822914,0
KS01,35,East,0,0,0,0,0,0,0,0,0,0,0,0,0,0,0,0,0,0,0,0,0,0,0.771322412,0,0,0,0.228677588,0
KS01,45,East,0.019169505,0,0,0,0,0,0,0,0,0,0,0,0,0,0,0,0,0,0,0,0,0,0.980830495,0,0,0,0,0
KS02,40,East,0.036973639,0,0,0,0.963026361,0,0,0,0,0,0,0,0,0,0,0,0,0,0,0,0,0,0,0,0,0,0,0
KS02,50,East,0.14944295,0,0,0,0.85055705,0,0,0,0,0,0,0,0,0,0,0,0,0,0,0,0,0,0,0,0,0,0,0
KS02,45,East,0,0,0,0,1,0,0,0,0,0,0,0,0,0,0,0,0,0,0,0,0,0,0,0,0,0,0,0
KS03,35,East,0,0.559432933,0,0,0.440567067,0,0,0,0,0,0,0,0,0,0,0,0,0,0,0,0,0,0,0,0,0,0,0
KS03,40,East,0.263511353,0.336424688,0,0,0.141349536,0,0,0,0,0,0,0,0,0,0,0,0,0,0,0.189958427,0,0,0,0,0,0,0,0.068755996
KS03,45,East,0,0,0,0,0,0,0,0,0,0,0,0,0,0,0,0,0,0,0,1,0,0,0,0,0,0,0,0
KS03,50,East,0,0,0,0,0.103073286,0,0,0,0,0,0,0,0,0,0,0,0,0,0,0.896926714,0,0,0,0,0,0,0,0
KS03,55,East,0,0,0,0,0,0,0,0,0,0,0,0,0,0,0,0,0,0,0,1,0,0,0,0,0,0,0,0
KS03,60,East,0,0,0,0,0,0,0,0,0,0,0,0,0,0,0,0,0,0,0,1,0,0,0,0,0,0,0,0
KS03,65,East,0,0,0,0,0,0,0,0,0,1,0,0,0,0,0,0,0,0,0,0,0,0,0,0,0,0,0,0
KS03,70,East,0,0,0,0,0,0,0,0,0,0,0,0,0,0,0,0,0,0,0,1,0,0,0,0,0,0,0,0
KS03,75,East,0,0,0,0,0,0,0,0,0,0,0,0,0,0,0,0,0,0,0,1,0,0,0,0,0,0,0,0
KS03,80,East,0,0,0,0,0,0,0,0,0,0,0,0,0,0,0.356321839,0,0,0,0,0.643678161,0,0,0,0,0,0,0,0
KS03,85,East,0,0,0.495070724,0,0,0,0,0,0,0,0,0,0,0,0.375910844,0,0,0,0,0.129018431,0,0,0,0,0,0,0,0
KS03,90,East,0.538601602,0,0.461398398,0,0,0,0,0,0,0,0,0,0,0,0,0,0,0,0,0,0,0,0,0,0,0,0,0
KS03,30,East,0,0,0,0,1,0,0,0,0,0,0,0,0,0,0,0,0,0,0,0,0,0,0,0,0,0,0,0
SL01,5,East,0,0,0,0,0,0,0,0,0,0,0,0,0,0,0,0,0,1,0,0,0,0,0,0,0,0,0,0
SL01,10,East,0,0,0,0,0,0,1,0,0,0,0,0,0,0,0,0,0,0,0,0,0,0,0,0,0,0,0,0
SL01,15,East,0.156738281,0,0,0,0,0,0.843261719,0,0,0,0,0,0,0,0,0,0,0,0,0,0,0,0,0,0,0,0,0
SL01,20,East,0,0,0,0,0,0,1,0,0,0,0,0,0,0,0,0,0,0,0,0,0,0,0,0,0,0,0,0
SL01,25,East,0,0,0,0,0,0,1,0,0,0,0,0,0,0,0,0,0,0,0,0,0,0,0,0,0,0,0,0
SL01,30,East,0,0,0,0,0,0,1,0,0,0,0,0,0,0,0,0,0,0,0,0,0,0,0,0,0,0,0,0
SL01,35,East,0,0,0,0,0,0,1,0,0,0,0,0,0,0,0,0,0,0,0,0,0,0,0,0,0,0,0,0
SL01,40,East,0,0,0,0,0,0,1,0,0,0,0,0,0,0,0,0,0,0,0,0,0,0,0,0,0,0,0,0
SL01,45,East,0,0,0,0,0,0,1,0,0,0,0,0,0,0,0,0,0,0,0,0,0,0,0,0,0,0,0,0
SL01,50,East,0,0,0,0,0,0,1,0,0,0,0,0,0,0,0,0,0,0,0,0,0,0,0,0,0,0,0,0
SL01,55,East,0,0,0,0,0,0,1,0,0,0,0,0,0,0,0,0,0,0,0,0,0,0,0,0,0,0,0,0
SL01,60,East,0,0,0,0,0,0,1,0,0,0,0,0,0,0,0,0,0,0,0,0,0,0,0,0,0,0,0,0
SL01,65,East,0,0,0,0,0,0,1,0,0,0,0,0,0,0,0,0,0,0,0,0,0,0,0,0,0,0,0,0
SL01,70,East,0,0,0,0,0,0,1,0,0,0,0,0,0,0,0,0,0,0,0,0,0,0,0,0,0,0,0,0
SL01,75,East,0,0,0,0,0,0,1,0,0,0,0,0,0,0,0,0,0,0,0,0,0,0,0,0,0,0,0,0
SL01,80,East,0,0,0,0,0,0,1,0,0,0,0,0,0,0,0,0,0,0,0,0,0,0,0,0,0,0,0,0
SL01,95,East,0,0,0,0,0,0,1,0,0,0,0,0,0,0,0,0,0,0,0,0,0,0,0,0,0,0,0,0
SL02,10,East,0.152681231,0.790714995,0,0,0,0,0,0,0,0,0,0,0,0,0,0,0,0.056603774,0,0,0,0,0,0,0,0,0,0
SL02,15,East,0.399122807,0.600877193,0,0,0,0,0,0,0,0,0,0,0,0,0,0,0,0,0,0,0,0,0,0,0,0,0,0
SL02,20,East,0,0.910839511,0,0,0.089160489,0,0,0,0,0,0,0,0,0,0,0,0,0,0,0,0,0,0,0,0,0,0,0
SL02,25,East,0.033566285,0.966433715,0,0,0,0,0,0,0,0,0,0,0,0,0,0,0,0,0,0,0,0,0,0,0,0,0,0
SL02,30,East,0.049368968,0.950631032,0,0,0,0,0,0,0,0,0,0,0,0,0,0,0,0,0,0,0,0,0,0,0,0,0,0
SL02,35,East,0,1,0,0,0,0,0,0,0,0,0,0,0,0,0,0,0,0,0,0,0,0,0,0,0,0,0,0
SL02,40,East,0,1,0,0,0,0,0,0,0,0,0,0,0,0,0,0,0,0,0,0,0,0,0,0,0,0,0,0
SL02,45,East,0,0.763400764,0,0,0.145520649,0,0.091078587,0,0,0,0,0,0,0,0,0,0,0,0,0,0,0,0,0,0,0,0,0
SL02,50,East,0.056038048,0,0,0,0,0,0.943961952,0,0,0,0,0,0,0,0,0,0,0,0,0,0,0,0,0,0,0,0,0
SL02,55,East,0,0.021482065,0,0,0,0,0.913184864,0,0.065333071,0,0,0,0,0,0,0,0,0,0,0,0,0,0,0,0,0,0,0
SL02,60,East,0.118747281,0,0,0,0,0,0.881252719,0,0,0,0,0,0,0,0,0,0,0,0,0,0,0,0,0,0,0,0,0
SL02,65,East,0,0,0,0,0,0,0.801598496,0,0.198401504,0,0,0,0,0,0,0,0,0,0,0,0,0,0,0,0,0,0,0
SL02,70,East,0,0,0,0,0,0,0.135021097,0,0.864978903,0,0,0,0,0,0,0,0,0,0,0,0,0,0,0,0,0,0,0
SL02,95,East,0,0,0,0.901167758,0,0,0,0,0,0,0,0,0,0,0,0.098832242,0,0,0,0,0,0,0,0,0,0,0,0
SL02,100,East,0,0,0,1,0,0,0,0,0,0,0,0,0,0,0,0,0,0,0,0,0,0,0,0,0,0,0,0
SL02,105,East,0,0,0,1,0,0,0,0,0,0,0,0,0,0,0,0,0,0,0,0,0,0,0,0,0,0,0,0
SL02,110,East,0,0,0,1,0,0,0,0,0,0,0,0,0,0,0,0,0,0,0,0,0,0,0,0,0,0,0,0
SL02,115,East,0,0,0,1,0,0,0,0,0,0,0,0,0,0,0,0,0,0,0,0,0,0,0,0,0,0,0,0
SL02,120,East,0,0,0,1,0,0,0,0,0,0,0,0,0,0,0,0,0,0,0,0,0,0,0,0,0,0,0,0
SL02,125,East,0,0,0,1,0,0,0,0,0,0,0,0,0,0,0,0,0,0,0,0,0,0,0,0,0,0,0,0
SL02,130,East,0,0,0,1,0,0,0,0,0,0,0,0,0,0,0,0,0,0,0,0,0,0,0,0,0,0,0,0
SL02,135,East,0,0,0,1,0,0,0,0,0,0,0,0,0,0,0,0,0,0,0,0,0,0,0,0,0,0,0,0
SL02,140,East,0,0,0,1,0,0,0,0,0,0,0,0,0,0,0,0,0,0,0,0,0,0,0,0,0,0,0,0
SL03,15,East,1,0,0,0,0,0,0,0,0,0,0,0,0,0,0,0,0,0,0,0,0,0,0,0,0,0,0,0
SL03,20,East,0,0,0,0,0.181938911,0,0.818061089,0,0,0,0,0,0,0,0,0,0,0,0,0,0,0,0,0,0,0,0,0
SL03,25,East,0.240782543,0,0,0,0,0,0.759217457,0,0,0,0,0,0,0,0,0,0,0,0,0,0,0,0,0,0,0,0,0
SL03,30,East,0.242805372,0,0,0,0,0,0.211681944,0,0,0,0,0,0,0,0,0.545512684,0,0,0,0,0,0,0,0,0,0,0,0
SL03,35,East,0.185936015,0,0,0,0,0,0.814063985,0,0,0,0,0,0,0,0,0,0,0,0,0,0,0,0,0,0,0,0,0
SL03,40,East,0.448628429,0,0,0,0,0,0.551371571,0,0,0,0,0,0,0,0,0,0,0,0,0,0,0,0,0,0,0,0,0
SL03,45,East,0.106707317,0,0,0,0,0,0.893292683,0,0,0,0,0,0,0,0,0,0,0,0,0,0,0,0,0,0,0,0,0
SL03,50,East,0,0,0,0,0,0,1,0,0,0,0,0,0,0,0,0,0,0,0,0,0,0,0,0,0,0,0,0
SL03,55,East,0,0.791537174,0,0,0,0,0.208462826,0,0,0,0,0,0,0,0,0,0,0,0,0,0,0,0,0,0,0,0,0
SL03,65,East,0,1,0,0,0,0,0,0,0,0,0,0,0,0,0,0,0,0,0,0,0,0,0,0,0,0,0,0
SL03,70,East,0,1,0,0,0,0,0,0,0,0,0,0,0,0,0,0,0,0,0,0,0,0,0,0,0,0,0,0
SL03,60,East,0,1,0,0,0,0,0,0,0,0,0,0,0,0,0,0,0,0,0,0,0,0,0,0,0,0,0,0
