Core,Site,DepthConsolidated,AgeConsolidated500,Age,Acropora,Montipora,Euphyllia,Goniopora,Porites,Merulinidae,Unknown,Heliopora,Fungia,Diploastrea,Tubastrea,Astreopora,Echinophyllia,Pachyseris,Turbinaria,Pavona,Oxypora,Podabacia,Pseudosiderastrea,Psammocora
CY01,CY,5,7500,7103,0,0,0,1,0,0,0,0,0,0,0,0,0,0,0,0,0,0,0,0
CY01,CY,10,7500,7103,0,0.18262373,0,0.740004322,0,0.077371947,0,0,0,0,0,0,0,0,0,0,0,0,0,0
CY01,CY,15,7500,7104,0,0,0,0,1,0,0,0,0,0,0,0,0,0,0,0,0,0,0,0
CY01,CY,20,7500,7105,0,0,0,0,0,0,0,0,0,0,0,0,0,0,0,0,0,0,0,0
CY01,CY,25,7500,7106,0,0,0,0,0.973497531,0.026502469,0,0,0,0,0,0,0,0,0,0,0,0,0,0
CY01,CY,30,7500,7108,0,0,0,0,0,0,0,0,0,0,0,0,0,0,0,0,0,0,0,0
CY01,CY,35,7500,7109,0,0,0,0,0,1,0,0,0,0,0,0,0,0,0,0,0,0,0,0
CY01,CY,40,7500,7110,0,0,0,0,0,0,0,0,0,0,0,0,0,0,0,0,0,0,0,0
CY01,CY,45,7500,7111,0,0,0,0,0,1,0,0,0,0,0,0,0,0,0,0,0,0,0,0
CY01,CY,50,7500,7112,0,0,0,0,0,1,0,0,0,0,0,0,0,0,0,0,0,0,0,0
CY01,CY,55,7500,7113,0,0,0,0,0,0,0,0,0,0,0,0,0,0,0,0,0,0,0,0
CY01,CY,60,7500,7114,0,0,0,0,1,0,0,0,0,0,0,0,0,0,0,0,0,0,0,0
CY01,CY,65,7500,7115,0,0,0,0,0,0,0,0,0,0,0,0,0,0,0,0,0,0,0,0
CY01,CY,70,7500,7116,0,0,0,0,0,0.36116382,0.63883618,0,0,0,0,0,0,0,0,0,0,0,0,0
CY01,CY,75,7500,7117,0,0,0,0,0,0,0,0,0,0,0,0,0,0,0,0,0,0,0,0
CY01,CY,80,7500,7118,0.154740061,0.383180428,0.29266055,0.098470948,0,0,0,0.070948012,0,0,0,0,0,0,0,0,0,0,0,0
CY01,CY,85,7500,7119,0.264004437,0,0,0.376594565,0,0,0.359400998,0,0,0,0,0,0,0,0,0,0,0,0,0
CY01,CY,90,7500,7120,0,0,0,0,0,0,0,0,0,0,0,0,0,0,0,0,0,0,0,0
CY01,CY,95,7500,7120,1,0,0,0,0,0,0,0,0,0,0,0,0,0,0,0,0,0,0,0
CY02,CY,5,7000,6725,0,0,0,1,0,0,0,0,0,0,0,0,0,0,0,0,0,0,0,0
CY02,CY,10,7000,6773,0,0,0,0.950151057,0,0,0.049848943,0,0,0,0,0,0,0,0,0,0,0,0,0
CY02,CY,15,7000,6823,0,0,0,0.906028181,0,0,0.093971819,0,0,0,0,0,0,0,0,0,0,0,0,0
CY02,CY,20,7000,6871,0,0,0,0.395374624,0.604625376,0,0,0,0,0,0,0,0,0,0,0,0,0,0,0
CY02,CY,25,7000,6921,0,0,0,0,0,0,0,0,0,0,0,0,0,0,0,0,0,0,0,0
CY02,CY,30,7000,6971,0,0,1,0,0,0,0,0,0,0,0,0,0,0,0,0,0,0,0,0
CY02,CY,35,7500,7020,0,1,0,0,0,0,0,0,0,0,0,0,0,0,0,0,0,0,0,0
CY02,CY,40,7500,7069,0,0,0,0,0,0,0,0,0,0,0,0,0,0,0,0,0,0,0,0
CY02,CY,45,7500,7119,1,0,0,0,0,0,0,0,0,0,0,0,0,0,0,0,0,0,0,0
CY02,CY,50,7500,7168,0,0,0,0,0,0,0,0,0,0,0,0,0,0,0,0,0,0,0,0
CY02,CY,55,7500,7217,0,0,0,0,0,0,0,0,0,0,0,0,0,0,0,0,0,0,0,0
CY02,CY,60,7500,7264,0,0,0,0,0,0,0,0,0,0,0,0,0,0,0,0,0,0,0,0
CY02,CY,65,7500,7312,0.833730348,0,0,0,0,0,0,0,0.166269652,0,0,0,0,0,0,0,0,0,0,0
CY03,CY,5,7000,6599,0,0,0,0,0,0,1,0,0,0,0,0,0,0,0,0,0,0,0,0
CY03,CY,10,7000,6648,0,0,0,0,0,0,0,0,0,0,0,0,0,0,0,0,0,0,0,0
CY03,CY,15,7000,6698,0,0,0,0,0,0,1,0,0,0,0,0,0,0,0,0,0,0,0,0
CY03,CY,20,7000,6748,0,0,0,1,0,0,0,0,0,0,0,0,0,0,0,0,0,0,0,0
CY03,CY,25,7000,6798,0,0.280043757,0,0,0.528520081,0,0.102203469,0,0,0,0.089232693,0,0,0,0,0,0,0,0,0
CY03,CY,30,7000,6850,0,0,0,0,0,0,0,0,0,0,0,0,0,0,0,0,0,0,0,0
CY03,CY,35,7000,6900,0.376114082,0,0,0,0,0,0.623885918,0,0,0,0,0,0,0,0,0,0,0,0,0
CY03,CY,40,7000,6948,0.18265896,0,0,0,0.81734104,0,0,0,0,0,0,0,0,0,0,0,0,0,0,0
CY03,CY,45,7000,6998,0,0,0.973631982,0,0,0,0.026368018,0,0,0,0,0,0,0,0,0,0,0,0,0
CY03,CY,50,7500,7045,0,0,0,0.129230259,0.861147976,0,0.009621765,0,0,0,0,0,0,0,0,0,0,0,0,0
CY03,CY,55,7500,7093,0,0,0,0.723110624,0,0,0.257174151,0.019715225,0,0,0,0,0,0,0,0,0,0,0,0
CY03,CY,60,7500,7139,0,0,0,0,0,0,0.339717201,0.019509576,0,0,0,0,0,0.640773224,0,0,0,0,0,0
CY03,CY,65,7500,7186,0,0,0.15599393,0.804855842,0.039150228,0,0,0,0,0,0,0,0,0,0,0,0,0,0,0
CY03,CY,70,7500,7233,0,0,0,1,0,0,0,0,0,0,0,0,0,0,0,0,0,0,0,0
CY03,CY,75,7500,7281,0,0,0,1,0,0,0,0,0,0,0,0,0,0,0,0,0,0,0,0
CY03,CY,80,7500,7330,0,0,0,1,0,0,0,0,0,0,0,0,0,0,0,0,0,0,0,0
CY03,CY,85,7500,7376,0,0,0,1,0,0,0,0,0,0,0,0,0,0,0,0,0,0,0,0
CY03,CY,90,7500,7423,0,0,0,1,0,0,0,0,0,0,0,0,0,0,0,0,0,0,0,0
CY03,CY,95,7500,7470,0,0,0,1,0,0,0,0,0,0,0,0,0,0,0,0,0,0,0,0
CY03,CY,100,8000,7516,0,0,0,1,0,0,0,0,0,0,0,0,0,0,0,0,0,0,0,0
CY03,CY,105,8000,7556,0,0,0,0.963660578,0,0,0,0,0,0,0,0,0,0.036339422,0,0,0,0,0,0
CY03,CY,110,8000,7597,0,0,0,1,0,0,0,0,0,0,0,0,0,0,0,0,0,0,0,0
CY03,CY,115,8000,7637,0,0,0,1,0,0,0,0,0,0,0,0,0,0,0,0,0,0,0,0
CY03,CY,120,8000,7678,0,0,0,1,0,0,0,0,0,0,0,0,0,0,0,0,0,0,0,0
CY03,CY,125,8000,7718,0,0,0,1,0,0,0,0,0,0,0,0,0,0,0,0,0,0,0,0
CY03,CY,130,8000,7761,0,0,0.022660561,0.977339439,0,0,0,0,0,0,0,0,0,0,0,0,0,0,0,0
CY03,CY,135,8000,7802,0,0,0,1,0,0,0,0,0,0,0,0,0,0,0,0,0,0,0,0
CY03,CY,140,8000,7841,0,0,0,1,0,0,0,0,0,0,0,0,0,0,0,0,0,0,0,0
CY03,CY,145,8000,7881,0,0,0,1,0,0,0,0,0,0,0,0,0,0,0,0,0,0,0,0
CY03,CY,150,8000,7930,0,0,0,0,1,0,0,0,0,0,0,0,0,0,0,0,0,0,0,0
HA02,HA,5,7500,7342,0,0,0.28907563,0,0.71092437,0,0,0,0,0,0,0,0,0,0,0,0,0,0,0
HA02,HA,10,7500,7348,0,0,0,0,0,0,0,0,0,0,0,0,0,0,0,0,0,0,0,0
HA02,HA,15,7500,7352,0,0,0,0,0.622086982,0,0,0,0.377913018,0,0,0,0,0,0,0,0,0,0,0
HA02,HA,20,7500,7357,0,0,0,0,0,0,0,0,0,0,0,0,0,0,0,0,0,0,0,0
HA02,HA,25,7500,7362,0,0,0,0,1,0,0,0,0,0,0,0,0,0,0,0,0,0,0,0
HA02,HA,30,7500,7367,0,0,0,0,0,0,0,0,0,0,0,0,0,0,0,0,0,0,0,0
HA02,HA,35,7500,7372,0,0,0,0,1,0,0,0,0,0,0,0,0,0,0,0,0,0,0,0
HA02,HA,40,7500,7377,0,0,0,0,1,0,0,0,0,0,0,0,0,0,0,0,0,0,0,0
HA02,HA,45,7500,7382,0,0,0,0,1,0,0,0,0,0,0,0,0,0,0,0,0,0,0,0
HA02,HA,50,7500,7387,0,0,0,0,1,0,0,0,0,0,0,0,0,0,0,0,0,0,0,0
HA02,HA,55,7500,7392,0,0,0,0.416732543,0.583267457,0,0,0,0,0,0,0,0,0,0,0,0,0,0,0
HA02,HA,60,7500,7397,0,0,0.072660874,0,0.927339126,0,0,0,0,0,0,0,0,0,0,0,0,0,0,0
HA02,HA,65,7500,7402,0,0,0,0,0,0,0,0,0,0,0,0,0,0,0,0,0,0,0,0
HA02,HA,70,7500,7407,0,0,0,0,1,0,0,0,0,0,0,0,0,0,0,0,0,0,0,0
HA02,HA,75,7500,7412,0,0,0,0,1,0,0,0,0,0,0,0,0,0,0,0,0,0,0,0
HA02,HA,80,7500,7417,0,0,0,0,0,0,0,0,0,0,0,0,0,0,0,0,0,0,0,0
HA02,HA,85,7500,7422,0,0,0,0,1,0,0,0,0,0,0,0,0,0,0,0,0,0,0,0
HA02,HA,90,7500,7427,0,0,0,0,0,0,0,0,0,0,0,0,0,0,0,0,0,0,0,0
HA02,HA,95,7500,7432,0,0,0,0,1,0,0,0,0,0,0,0,0,0,0,0,0,0,0,0
HA02,HA,100,7500,7436,0,0,0,0,0,0,0,0,0,0,0,0,0,0,0,0,0,0,0,0
HA02,HA,105,7500,7442,0,0,0,0,0.940526668,0.059473332,0,0,0,0,0,0,0,0,0,0,0,0,0,0
HA02,HA,110,7500,7447,0,0,0,0,0,0,0,0,0,1,0,0,0,0,0,0,0,0,0,0
HA02,HA,115,7500,7452,0,0,0,0,0,0,0,0,0,1,0,0,0,0,0,0,0,0,0,0
HA02,HA,120,7500,7457,0,0,0,0,1,0,0,0,0,0,0,0,0,0,0,0,0,0,0,0
HA02,HA,125,7500,7462,0,0,0,0,1,0,0,0,0,0,0,0,0,0,0,0,0,0,0,0
HA02,HA,130,7500,7467,0,0,0,0,1,0,0,0,0,0,0,0,0,0,0,0,0,0,0,0
HA02,HA,135,7500,7472,0,0,0,0,0,0,0,0,0,0,0,0,0,0,0,0,0,0,0,0
HA02,HA,140,7500,7477,0,0,0,0,1,0,0,0,0,0,0,0,0,0,0,0,0,0,0,0
HA02,HA,145,7500,7482,0,0,0,0,0,0,0,0,0,0,0,0,0,0,0,0,0,0,0,0
HA02,HA,150,7500,7487,0,0,0,0,0.446753853,0,0,0,0,0.553246147,0,0,0,0,0,0,0,0,0,0
HA03,HA,5,7500,7407,0,0,0,0,0,0,0.798966111,0,0,0,0.201033889,0,0,0,0,0,0,0,0,0
HA03,HA,10,7500,7417,0,0,0,0,0,0,0.378742011,0,0,0,0,0.621257989,0,0,0,0,0,0,0,0
HA03,HA,15,7500,7427,0,0,0,0,1,0,0,0,0,0,0,0,0,0,0,0,0,0,0,0
HA03,HA,20,7500,7437,0,0,0,0,0,0,1,0,0,0,0,0,0,0,0,0,0,0,0,0
HA03,HA,25,7500,7447,0,0,0,0,0,0,0,0,0,0,0,1,0,0,0,0,0,0,0,0
HA03,HA,30,7500,7457,0,0,0,0,0,0,0,0,0,0,0,0,0,0,0,0,0,0,0,0
HA03,HA,35,7500,7467,0,0,0,0,1,0,0,0,0,0,0,0,0,0,0,0,0,0,0,0
HA03,HA,40,7500,7477,0,0,0,0,0,0,0,0,0,0,0,0,0,0,0,0,0,0,0,0
HA03,HA,45,7500,7487,0,0,0,0,1,0,0,0,0,0,0,0,0,0,0,0,0,0,0,0
HA03,HA,50,7500,7496,0,0,0,0,1,0,0,0,0,0,0,0,0,0,0,0,0,0,0,0
HA03,HA,55,8000,7506,0,0,0,0,0,0,0,0,0,0,0,0,0,0,0,0,0,0,0,0
HA03,HA,60,8000,7515,0,0,0,0,1,0,0,0,0,0,0,0,0,0,0,0,0,0,0,0
HA03,HA,65,8000,7526,0,0,0,0,1,0,0,0,0,0,0,0,0,0,0,0,0,0,0,0
HA03,HA,70,8000,7535,0,0,0,0,1,0,0,0,0,0,0,0,0,0,0,0,0,0,0,0
HA03,HA,75,8000,7545,0,0,0,0,1,0,0,0,0,0,0,0,0,0,0,0,0,0,0,0
HA03,HA,80,8000,7555,0,0,0,0,1,0,0,0,0,0,0,0,0,0,0,0,0,0,0,0
HA03,HA,85,8000,7565,0,0,0,0,0,0,0,0,0,0,0,0,0,0,0,0,0,0,0,0
HA03,HA,90,8000,7574,0,0,0,0,1,0,0,0,0,0,0,0,0,0,0,0,0,0,0,0
HA03,HA,95,8000,7584,0,0,0,0,1,0,0,0,0,0,0,0,0,0,0,0,0,0,0,0
HA03,HA,100,8000,7594,0,0,0,0,1,0,0,0,0,0,0,0,0,0,0,0,0,0,0,0
HA03,HA,105,8000,7604,0,0,0,0,1,0,0,0,0,0,0,0,0,0,0,0,0,0,0,0
HA03,HA,110,8000,7613,0,0,0,0,1,0,0,0,0,0,0,0,0,0,0,0,0,0,0,0
HA03,HA,115,8000,7623,0,0,0,0,1,0,0,0,0,0,0,0,0,0,0,0,0,0,0,0
HA03,HA,120,8000,7634,0,0,0,0,1,0,0,0,0,0,0,0,0,0,0,0,0,0,0,0
HA03,HA,125,8000,7643,0,0,0,0,0,0,0,0,0,0,0,0,0,0,0,0,0,0,0,0
HA03,HA,130,8000,7653,0,0,0,0,1,0,0,0,0,0,0,0,0,0,0,0,0,0,0,0
HA03,HA,135,8000,7662,0,0,0,0,1,0,0,0,0,0,0,0,0,0,0,0,0,0,0,0
HA03,HA,140,8000,7672,0,0,0,0,1,0,0,0,0,0,0,0,0,0,0,0,0,0,0,0
HA03,HA,145,8000,7683,0,0,0,0,0,1,0,0,0,0,0,0,0,0,0,0,0,0,0,0
HA03,HA,150,8000,7692,0,0,0,1,0,0,0,0,0,0,0,0,0,0,0,0,0,0,0,0
HA03,HA,155,8000,7703,0,0,0,0,0,1,0,0,0,0,0,0,0,0,0,0,0,0,0,0
HA03,HA,160,8000,7713,0,0.410702341,0,0,0,0,0,0,0,0,0,0.589297659,0,0,0,0,0,0,0,0
HA03,HA,165,8000,7723,0,0,1,0,0,0,0,0,0,0,0,0,0,0,0,0,0,0,0,0
HA03,HA,170,8000,7733,0,0,0.39988783,0,0,0.60011217,0,0,0,0,0,0,0,0,0,0,0,0,0,0
HA03,HA,175,8000,7743,0,0,0,0,0,0,0,0,0,0,0,0,0,0,0,0,0,0,0,0
HA03,HA,180,8000,7753,0,0,0,0,0,0,0,0,0,0,0,0,0,0,0,0,0,0,0,0
HA03,HA,185,8000,7763,0,0,0,0,0,0,0,0,0,0,0,0,0,0,0,0,0,0,0,0
HA03,HA,190,8000,7774,0,0,1,0,0,0,0,0,0,0,0,0,0,0,0,0,0,0,0,0
HA03,HA,195,8000,7784,0,0,0,0,0,0,0,0,0,0,0,0,0,0,0,0,0,0,0,0
HA03,HA,200,8000,7795,0,0,1,0,0,0,0,0,0,0,0,0,0,0,0,0,0,0,0,0
HA03,HA,205,8000,7805,0,0,0,0,0,0,0,0,0,0,0,0,0,0,0,0,0,0,0,0
HA03,HA,210,8000,7807,0,0,0.465668371,0,0.482834186,0,0,0,0,0,0.051497443,0,0,0,0,0,0,0,0,0
HA04,HA,5,7500,7468,0,0,0,0,0,1,0,0,0,0,0,0,0,0,0,0,0,0,0,0
HA04,HA,10,7500,7493,0,0,0,0,0,1,0,0,0,0,0,0,0,0,0,0,0,0,0,0
HA04,HA,15,8000,7519,0,0,0,0,0,0,0,0,0,0,0,0,0,0,0,0,0,0,0,0
HA04,HA,20,8000,7545,0,0,0,0,0,0,0,0,0,0,0,0,0,0,0,0,0,0,0,0
HA04,HA,25,8000,7570,0,0,0,0,0.866360935,0,0,0,0,0,0.133639065,0,0,0,0,0,0,0,0,0
HA04,HA,30,8000,7597,0,0,0,0,1,0,0,0,0,0,0,0,0,0,0,0,0,0,0,0
HA04,HA,35,8000,7620,0,0,0,0,1,0,0,0,0,0,0,0,0,0,0,0,0,0,0,0
HA05,HA,5,7500,7170,0,0,0,0,0,0,0,0,0,0,0,0,0,0,0,0,0,0,0,0
HA05,HA,10,7500,7180,0,0,0,0,0.625,0,0.375,0,0,0,0,0,0,0,0,0,0,0,0,0
HA05,HA,15,7500,7190,0,0,0,0,0,0,0,0,0,0,0,0,0,0,0,0,0,0,0,0
HA05,HA,20,7500,7200,0,0,0,0,0,0,0,0,0,0,0,0,0,0,0,0,0,0,0,0
HA05,HA,25,7500,7210,0.008888889,0.069777778,0,0,0,0.084,0,0.137333333,0,0,0,0,0,0.7,0,0,0,0,0,0
HA05,HA,30,7500,7220,0,0.012353568,0,0,0,0,0,0,0,0,0,0,0,0.956336528,0,0,0.031309904,0,0,0
HA05,HA,35,7500,7230,0,0.046650298,0,0,0,0,0.252542967,0,0,0,0,0,0,0.700806734,0,0,0,0,0,0
HA05,HA,40,7500,7241,0,0,0,0,0.064886911,0,0.360029663,0.22246941,0,0,0,0,0,0.352614016,0,0,0,0,0,0
HA05,HA,45,7500,7251,0,0,0,0,0,0,0.075773746,0,0,0,0,0,0,0.924226254,0,0,0,0,0,0
HA05,HA,50,7500,7261,0,0,0,0,0,0,0,0,0,0,0,0,0,1,0,0,0,0,0,0
HA05,HA,55,7500,7271,0.555243446,0,0,0,0,0,0.373907615,0,0,0,0,0,0,0.070848939,0,0,0,0,0,0
HA05,HA,60,7500,7281,0.88483871,0,0,0,0,0,0.086451613,0,0,0,0,0,0,0.028709677,0,0,0,0,0,0
HA05,HA,65,7500,7290,1,0,0,0,0,0,0,0,0,0,0,0,0,0,0,0,0,0,0,0
HA05,HA,70,7500,7300,0.896656535,0,0,0,0.047112462,0,0,0.056231003,0,0,0,0,0,0,0,0,0,0,0,0
HA06,HA,5,7500,7316,0,1,0,0,0,0,0,0,0,0,0,0,0,0,0,0,0,0,0,0
HA06,HA,10,7500,7340,0,0,0,0,0,1,0,0,0,0,0,0,0,0,0,0,0,0,0,0
HA06,HA,15,7500,7362,0,0,0,0,0,1,0,0,0,0,0,0,0,0,0,0,0,0,0,0
HA06,HA,20,7500,7386,0,0,0,0,0,0.762626263,0.237373737,0,0,0,0,0,0,0,0,0,0,0,0,0
HA06,HA,25,7500,7409,0,0,0,0,0,0,1,0,0,0,0,0,0,0,0,0,0,0,0,0
HA06,HA,30,7500,7435,0,0.004331921,0,0,0,0.984982672,0.010685406,0,0,0,0,0,0,0,0,0,0,0,0,0
HA06,HA,35,7500,7461,0,0.109443954,0,0,0,0.805236834,0,0,0,0,0,0.085319212,0,0,0,0,0,0,0,0
HA06,HA,40,7500,7487,0,0.264492754,0,0,0,0,0,0,0,0,0,0,0,0,0.735507246,0,0,0,0,0
HA06,HA,45,8000,7511,0,0,0,0,0,0,0,0,0,0,0,0,0,0,1,0,0,0,0,0
HA06,HA,50,8000,7538,0,0,0,0,0,0,0.661605206,0,0,0,0,0.338394794,0,0,0,0,0,0,0,0
HA06,HA,55,8000,7564,0,0,0,0,0,0,1,0,0,0,0,0,0,0,0,0,0,0,0,0
HA06,HA,60,8000,7590,0,1,0,0,0,0,0,0,0,0,0,0,0,0,0,0,0,0,0,0
HA06,HA,65,8000,7616,0.537619699,0,0,0,0,0.462380301,0,0,0,0,0,0,0,0,0,0,0,0,0,0
HA06,HA,70,8000,7641,0,0,0,0.923264312,0,0,0.076735688,0,0,0,0,0,0,0,0,0,0,0,0,0
HA06,HA,75,8000,7666,0,0.884906961,0,0.090282564,0,0.024810476,0,0,0,0,0,0,0,0,0,0,0,0,0,0
HA06,HA,80,8000,7692,0,0.264343541,0.700809574,0,0,0,0,0,0,0,0,0.034846885,0,0,0,0,0,0,0,0
HA06,HA,85,8000,7716,0,0,0.706004141,0,0,0.090720873,0.203274986,0,0,0,0,0,0,0,0,0,0,0,0,0
HA06,HA,90,8000,7743,0,0.951168101,0,0,0,0,0.048831899,0,0,0,0,0,0,0,0,0,0,0,0,0
HA06,HA,95,8000,7768,0,0,0,0,1,0,0,0,0,0,0,0,0,0,0,0,0,0,0,0
HA06,HA,100,8000,7793,0,0,0,0,1,0,0,0,0,0,0,0,0,0,0,0,0,0,0,0
HA06,HA,105,8000,7819,0,0,0,0,1,0,0,0,0,0,0,0,0,0,0,0,0,0,0,0
KS01,KS,5,NA,NA,0,0,0,0,0,0,0,0,0,0,0,0,0,0,0,0,0,0,0,0
KS01,KS,10,NA,NA,0,0,0,0,0,0,0,0,0,0,0,0,0,0,0,0,0,0,0,0
KS01,KS,15,7500,7323,0,0,0,0,0,0,0,0,0,0,0,0,0,0,0,0,0,0,0,0
KS01,KS,20,7500,7323,0,0,0,0,0,0,0,1,0,0,0,0,0,0,0,0,0,0,0,0
KS01,KS,25,7500,7324,0,0,0,0,0,0,0.130197682,0.745057941,0.124744376,0,0,0,0,0,0,0,0,0,0,0
KS01,KS,30,7500,7325,0,0,0,0.161255702,0.671317413,0.007781057,0,0.071907701,0,0,0.007915213,0,0,0,0,0,0,0,0.079822914,0
KS01,KS,35,7500,7325,0,0,0,0,0,0.771322412,0,0,0,0,0,0,0,0,0,0,0,0,0.228677588,0
KS01,KS,40,7500,7326,0,0,0,0,0,0.970874133,0.012472304,0.016653563,0,0,0,0,0,0,0,0,0,0,0,0
KS01,KS,45,7500,7326,0,0,0,0,0,0.980830495,0.019169505,0,0,0,0,0,0,0,0,0,0,0,0,0
KS02,KS,5,NA,NA,0,0,0,0,0,0,0,0,0,0,0,0,0,0,0,0,0,0,0,0
KS02,KS,10,NA,NA,0,0,0,0,0,0,0,0,0,0,0,0,0,0,0,0,0,0,0,0
KS02,KS,15,NA,NA,0,0,0,0,0,0,0,0,0,0,0,0,0,0,0,0,0,0,0,0
KS02,KS,20,NA,NA,0,0,0,0,0,0,0,0,0,0,0,0,0,0,0,0,0,0,0,0
KS02,KS,25,NA,NA,0,0,0,0,0,0,0,0,0,0,0,0,0,0,0,0,0,0,0,0
KS02,KS,30,NA,NA,0,0,0,0,0,0,0,0,0,0,0,0,0,0,0,0,0,0,0,0
KS02,KS,35,NA,NA,0,0,0,0,0,0,0,0,0,0,0,0,0,0,0,0,0,0,0,0
KS02,KS,40,0,-41,0,0,0,0,0.963026361,0,0.036973639,0,0,0,0,0,0,0,0,0,0,0,0,0
KS02,KS,45,0,-40,0,0,0,0,1,0,0,0,0,0,0,0,0,0,0,0,0,0,0,0
KS02,KS,50,0,-40,0,0,0,0,0.85055705,0,0.14944295,0,0,0,0,0,0,0,0,0,0,0,0,0
KS03,KS,5,NA,NA,0,0,0,0,0,0,0,0,0,0,0,0,0,0,0,0,0,0,0,0
KS03,KS,10,NA,NA,0,0,0,0,0,0,0,0,0,0,0,0,0,0,0,0,0,0,0,0
KS03,KS,15,NA,NA,0,0,0,0,0,0,0,0,0,0,0,0,0,0,0,0,0,0,0,0
KS03,KS,20,NA,NA,0,0,0,0,0,0,0,0,0,0,0,0,0,0,0,0,0,0,0,0
KS03,KS,25,NA,NA,0,0,0,0,0,0,0,0,0,0,0,0,0,0,0,0,0,0,0,0
KS03,KS,30,8000,7613,0,0,0,0,1,0,0,0,0,0,0,0,0,0,0,0,0,0,0,0
KS03,KS,35,8000,7633,0,0,0,0.559432933,0.440567067,0,0,0,0,0,0,0,0,0,0,0,0,0,0,0
KS03,KS,40,8000,7657,0,0,0,0.336424688,0.141349536,0,0.263511353,0,0,0,0,0,0,0,0,0.189958427,0,0,0,0.068755996
KS03,KS,45,8000,7683,0,0,0,0,0,0,0,0,0,0,0,0,0,0,0,1,0,0,0,0
KS03,KS,50,8000,7708,0,0,0,0,0.103073286,0,0,0,0,0,0,0,0,0,0,0.896926714,0,0,0,0
KS03,KS,55,8000,7733,0,0,0,0,0,0,0,0,0,0,0,0,0,0,0,1,0,0,0,0
KS03,KS,60,8000,7757,0,0,0,0,0,0,0,0,0,0,0,0,0,0,0,1,0,0,0,0
KS03,KS,65,8000,7783,0,0,0,0,0,0,0,0,1,0,0,0,0,0,0,0,0,0,0,0
KS03,KS,70,8000,7808,0,0,0,0,0,0,0,0,0,0,0,0,0,0,0,1,0,0,0,0
KS03,KS,75,8000,7833,0,0,0,0,0,0,0,0,0,0,0,0,0,0,0,1,0,0,0,0
KS03,KS,80,8000,7859,0,0,0,0,0,0.356321839,0,0,0,0,0,0,0,0,0,0.643678161,0,0,0,0
KS03,KS,85,8000,7884,0,0,0,0,0,0.870981569,0,0,0,0,0,0,0,0,0,0.129018431,0,0,0,0
KS03,KS,90,8000,7908,0,0,0,0,0,0.461398398,0.538601602,0,0,0,0,0,0,0,0,0,0,0,0,0
SL01,SL,5,7500,7430,0,0,0,0,0,0,0,0,0,0,0,0,0,1,0,0,0,0,0,0
SL01,SL,10,7500,7439,0,0,1,0,0,0,0,0,0,0,0,0,0,0,0,0,0,0,0,0
SL01,SL,15,7500,7450,0,0,0.843261719,0,0,0,0.156738281,0,0,0,0,0,0,0,0,0,0,0,0,0
SL01,SL,20,7500,7460,0,0,1,0,0,0,0,0,0,0,0,0,0,0,0,0,0,0,0,0
SL01,SL,25,7500,7470,0,0,1,0,0,0,0,0,0,0,0,0,0,0,0,0,0,0,0,0
SL01,SL,30,7500,7480,0,0,1,0,0,0,0,0,0,0,0,0,0,0,0,0,0,0,0,0
SL01,SL,35,7500,7490,0,0,1,0,0,0,0,0,0,0,0,0,0,0,0,0,0,0,0,0
SL01,SL,40,8000,7501,0,0,1,0,0,0,0,0,0,0,0,0,0,0,0,0,0,0,0,0
SL01,SL,45,8000,7511,0,0,1,0,0,0,0,0,0,0,0,0,0,0,0,0,0,0,0,0
SL01,SL,50,8000,7521,0,0,1,0,0,0,0,0,0,0,0,0,0,0,0,0,0,0,0,0
SL01,SL,55,8000,7531,0,0,1,0,0,0,0,0,0,0,0,0,0,0,0,0,0,0,0,0
SL01,SL,60,8000,7541,0,0,1,0,0,0,0,0,0,0,0,0,0,0,0,0,0,0,0,0
SL01,SL,65,8000,7550,0,0,1,0,0,0,0,0,0,0,0,0,0,0,0,0,0,0,0,0
SL01,SL,70,8000,7561,0,0,1,0,0,0,0,0,0,0,0,0,0,0,0,0,0,0,0,0
SL01,SL,75,8000,7571,0,0,1,0,0,0,0,0,0,0,0,0,0,0,0,0,0,0,0,0
SL01,SL,80,8000,7581,0,0,1,0,0,0,0,0,0,0,0,0,0,0,0,0,0,0,0,0
SL01,SL,85,8000,7591,0,0,0,0,0,0,0,0,0,0,0,0,0,0,0,0,0,0,0,0
SL01,SL,90,8000,7601,0,0,0,0,0,0,0,0,0,0,0,0,0,0,0,0,0,0,0,0
SL01,SL,95,8000,7602,0,0,1,0,0,0,0,0,0,0,0,0,0,0,0,0,0,0,0,0
SL02,SL,5,NA,NA,0,0,0,0,0,0,0,0,0,0,0,0,0,0,0,0,0,0,0,0
SL02,SL,10,7500,7123,0,0,0,0.790714995,0,0,0.152681231,0,0,0,0,0,0,0.056603774,0,0,0,0,0,0
SL02,SL,15,7500,7148,0,0,0,0.600877193,0,0,0.399122807,0,0,0,0,0,0,0,0,0,0,0,0,0
SL02,SL,20,7500,7174,0,0,0,0.910839511,0.089160489,0,0,0,0,0,0,0,0,0,0,0,0,0,0,0
SL02,SL,25,7500,7199,0,0,0,0.966433715,0,0,0.033566285,0,0,0,0,0,0,0,0,0,0,0,0,0
SL02,SL,30,7500,7224,0,0,0,0.950631032,0,0,0.049368968,0,0,0,0,0,0,0,0,0,0,0,0,0
SL02,SL,35,7500,7251,0,0,0,1,0,0,0,0,0,0,0,0,0,0,0,0,0,0,0,0
SL02,SL,40,7500,7278,0,0,0,1,0,0,0,0,0,0,0,0,0,0,0,0,0,0,0,0
SL02,SL,45,7500,7306,0,0,0.091078587,0.763400764,0.145520649,0,0,0,0,0,0,0,0,0,0,0,0,0,0,0
SL02,SL,50,7500,7334,0,0,0.943961952,0,0,0,0.056038048,0,0,0,0,0,0,0,0,0,0,0,0,0
SL02,SL,55,7500,7362,0,0,0.913184864,0.021482065,0,0,0,0.065333071,0,0,0,0,0,0,0,0,0,0,0,0
SL02,SL,60,7500,7387,0,0,0.881252719,0,0,0,0.118747281,0,0,0,0,0,0,0,0,0,0,0,0,0
SL02,SL,65,7500,7413,0,0,0.801598496,0,0,0,0,0.198401504,0,0,0,0,0,0,0,0,0,0,0,0
SL02,SL,70,7500,7439,0,0,0.135021097,0,0,0,0,0.864978903,0,0,0,0,0,0,0,0,0,0,0,0
SL02,SL,75,7500,7465,0,0,0,0,0,0,0,0,0,0,0,0,0,0,0,0,0,0,0,0
SL02,SL,80,7500,7490,0,0,0,0,0,0,0,0,0,0,0,0,0,0,0,0,0,0,0,0
SL02,SL,85,8000,7517,0,0,0,0,0,0,0,0,0,0,0,0,0,0,0,0,0,0,0,0
SL02,SL,90,8000,7543,0,0,0,0,0,0,0,0,0,0,0,0,0,0,0,0,0,0,0,0
SL02,SL,95,8000,7569,0,0.901167758,0,0,0,0,0,0,0,0,0,0,0.098832242,0,0,0,0,0,0,0
SL02,SL,100,8000,7596,0,1,0,0,0,0,0,0,0,0,0,0,0,0,0,0,0,0,0,0
SL02,SL,105,8000,7621,0,1,0,0,0,0,0,0,0,0,0,0,0,0,0,0,0,0,0,0
SL02,SL,110,8000,7645,0,1,0,0,0,0,0,0,0,0,0,0,0,0,0,0,0,0,0,0
SL02,SL,115,8000,7669,0,1,0,0,0,0,0,0,0,0,0,0,0,0,0,0,0,0,0,0
SL02,SL,120,8000,7693,0,1,0,0,0,0,0,0,0,0,0,0,0,0,0,0,0,0,0,0
SL02,SL,125,8000,7717,0,1,0,0,0,0,0,0,0,0,0,0,0,0,0,0,0,0,0,0
SL02,SL,130,8000,7741,0,1,0,0,0,0,0,0,0,0,0,0,0,0,0,0,0,0,0,0
SL02,SL,135,8000,7765,0,1,0,0,0,0,0,0,0,0,0,0,0,0,0,0,0,0,0,0
SL02,SL,140,8000,7770,0,1,0,0,0,0,0,0,0,0,0,0,0,0,0,0,0,0,0,0
SL03,SL,5,NA,NA,0,0,0,0,0,0,0,0,0,0,0,0,0,0,0,0,0,0,0,0
SL03,SL,10,NA,NA,0,0,0,0,0,0,0,0,0,0,0,0,0,0,0,0,0,0,0,0
SL03,SL,15,7500,7435,0,0,0,0,0,0,1,0,0,0,0,0,0,0,0,0,0,0,0,0
SL03,SL,20,7500,7460,0,0,0.818061089,0,0.181938911,0,0,0,0,0,0,0,0,0,0,0,0,0,0,0
SL03,SL,25,7500,7485,0,0,0.759217457,0,0,0,0.240782543,0,0,0,0,0,0,0,0,0,0,0,0,0
SL03,SL,30,8000,7510,0,0,0.211681944,0,0,0,0.242805372,0,0,0,0,0,0.545512684,0,0,0,0,0,0,0
SL03,SL,35,8000,7535,0,0,0.814063985,0,0,0,0.185936015,0,0,0,0,0,0,0,0,0,0,0,0,0
SL03,SL,40,8000,7560,0,0,0.551371571,0,0,0,0.448628429,0,0,0,0,0,0,0,0,0,0,0,0,0
SL03,SL,45,8000,7584,0,0,0.893292683,0,0,0,0.106707317,0,0,0,0,0,0,0,0,0,0,0,0,0
SL03,SL,50,8000,7608,0,0,1,0,0,0,0,0,0,0,0,0,0,0,0,0,0,0,0,0
SL03,SL,55,8000,7632,0,0,0.208462826,0.791537174,0,0,0,0,0,0,0,0,0,0,0,0,0,0,0,0
SL03,SL,60,8000,7658,0,0,0,1,0,0,0,0,0,0,0,0,0,0,0,0,0,0,0,0
SL03,SL,65,8000,7682,0,0,0,1,0,0,0,0,0,0,0,0,0,0,0,0,0,0,0,0
SL03,SL,70,8000,7707,0,0,0,1,0,0,0,0,0,0,0,0,0,0,0,0,0,0,0,0
SM01,SM,5,NA,NA,0,0,0,0,0,0,0,0,0,0,0,0,0,0,0,0,0,0,0,0
SM01,SM,10,4500,4038,0,0,0,0,0,0.208972393,0.235812883,0,0,0,0,0,0.555214724,0,0,0,0,0,0,0
SM01,SM,15,4500,4062,0.15585443,0.799525316,0,0,0,0,0,0,0,0,0,0,0.044620253,0,0,0,0,0,0,0
SM01,SM,20,4500,4088,0,0.657754011,0,0,0,0.342245989,0,0,0,0,0,0,0,0,0,0,0,0,0,0
SM01,SM,25,4500,4113,0,0,0,0,0,0,0,0,0,0,0,0,0,0,0,0,0,0,0,0
SM01,SM,30,4500,4139,0,0,0,0,0,0,0,0,0,0,0,0,0,0,0,0,0,0,0,0
SM01,SM,35,4500,4162,0,0,0,0,0,0,1,0,0,0,0,0,0,0,0,0,0,0,0,0
SM01,SM,40,4500,4188,0,0,0,0,0,0,0,0,0,0,0,0,0,0,0,0,0,0,0,0
SM01,SM,45,4500,4213,0,0,1,0,0,0,0,0,0,0,0,0,0,0,0,0,0,0,0,0
SM01,SM,50,4500,4238,0,0,1,0,0,0,0,0,0,0,0,0,0,0,0,0,0,0,0,0
SM01,SM,55,4500,4261,0,0,0,1,0,0,0,0,0,0,0,0,0,0,0,0,0,0,0,0
SM01,SM,60,4500,4286,0,0,0,0,0,1,0,0,0,0,0,0,0,0,0,0,0,0,0,0
SM01,SM,65,4500,4311,0,0,0,0,1,0,0,0,0,0,0,0,0,0,0,0,0,0,0,0
SM01,SM,70,4500,4336,0,0,0,0,0,0,0,0,0,0,0,0,0,0,0,0,0,0,0,0
SM01,SM,75,4500,4361,0,0.359649123,0,0,0.414642375,0,0,0,0,0,0,0,0,0.225708502,0,0,0,0,0,0
SM01,SM,80,4500,4385,0,0,0,0,0,0,0,0,0,0,0,0,0,0,0,0,0,0,0,0
SM01,SM,85,4500,4410,0,0,0,0,0,0,1,0,0,0,0,0,0,0,0,0,0,0,0,0
SM01,SM,90,4500,4434,0,0,0,0,0,0,0.236747851,0,0,0,0,0,0,0,0.62034384,0.142908309,0,0,0,0
SM01,SM,95,4500,4458,0,0,0,0,0,0,1,0,0,0,0,0,0,0,0,0,0,0,0,0
SM01,SM,100,4500,4482,0,0,0,0,0,1,0,0,0,0,0,0,0,0,0,0,0,0,0,0
SM01,SM,105,5000,4506,0,0,0,0.219094247,0,0,0.780905753,0,0,0,0,0,0,0,0,0,0,0,0,0
SM01,SM,110,5000,4529,0,0.04001549,0.705692526,0.161352782,0,0,0.092939202,0,0,0,0,0,0,0,0,0,0,0,0,0
SM01,SM,115,5000,4551,0,0,0,0,0,0,0,0,0,0,0,0,0,0,0,0,0,0,0,0
SM01,SM,120,5000,4574,0.301954733,0,0,0,0,0,0.698045267,0,0,0,0,0,0,0,0,0,0,0,0,0
SM01,SM,125,5000,4597,0,0,0,0.90910919,0.09089081,0,0,0,0,0,0,0,0,0,0,0,0,0,0,0
SM01,SM,130,5000,4620,0,0,0,0,0,0,0,0,0,0,0,0,0,0,0,0,0,0,0,0
SM01,SM,135,5000,4643,0,0,0,0.189435337,0.275956284,0.534608379,0,0,0,0,0,0,0,0,0,0,0,0,0,0
SM01,SM,140,5000,4665,0,0,0,0,0,1,0,0,0,0,0,0,0,0,0,0,0,0,0,0
SM01,SM,145,5000,4688,0,0,0,0,0,1,0,0,0,0,0,0,0,0,0,0,0,0,0,0
SM01,SM,150,5000,4711,0,0,0,0,0,0,0,0,0,1,0,0,0,0,0,0,0,0,0,0
SM01,SM,155,5000,4734,0,0,0,0,0.860383944,0,0,0,0,0.139616056,0,0,0,0,0,0,0,0,0,0
SM01,SM,160,5000,4757,0,0,0,0,1,0,0,0,0,0,0,0,0,0,0,0,0,0,0,0
SM01,SM,165,5000,4780,0,0,0,0,1,0,0,0,0,0,0,0,0,0,0,0,0,0,0,0
SM01,SM,170,5000,4803,0,0,0,0,0,0,0,0,0,0,0,0,0,0,0,0,0,0,0,0
SM01,SM,175,5000,4825,0,0,0,0,1,0,0,0,0,0,0,0,0,0,0,0,0,0,0,0
SM01,SM,180,5000,4853,0,0,0,0,0.452325581,0.547674419,0,0,0,0,0,0,0,0,0,0,0,0,0,0
SM01,SM,185,5000,4880,0,0,0,0,0.317732558,0.682267442,0,0,0,0,0,0,0,0,0,0,0,0,0,0
SM01,SM,190,5000,4907,0,0,0,0,0.913385827,0.086614173,0,0,0,0,0,0,0,0,0,0,0,0,0,0
SM01,SM,195,5000,4933,0,0,0,0,1,0,0,0,0,0,0,0,0,0,0,0,0,0,0,0
SM01,SM,200,5000,4959,0,0,0,0,1,0,0,0,0,0,0,0,0,0,0,0,0,0,0,0
SM01,SM,205,5500,4989,0,0,0,0,1,0,0,0,0,0,0,0,0,0,0,0,0,0,0,0
SM01,SM,210,5500,5013,0,0,0,0,1,0,0,0,0,0,0,0,0,0,0,0,0,0,0,0
SM01,SM,215,5500,5035,0,0,0,0,1,0,0,0,0,0,0,0,0,0,0,0,0,0,0,0
SM01,SM,220,5500,5040,0,0,0,0,1,0,0,0,0,0,0,0,0,0,0,0,0,0,0,0
SM01,SM,225,5500,5068,0,0,0,0,1,0,0,0,0,0,0,0,0,0,0,0,0,0,0,0
SM01,SM,230,5500,5097,0,0,0,0,1,0,0,0,0,0,0,0,0,0,0,0,0,0,0,0
SM01,SM,235,5500,5125,0,0,0,0,1,0,0,0,0,0,0,0,0,0,0,0,0,0,0,0
SM01,SM,240,5500,5151,0,0,0,0,1,0,0,0,0,0,0,0,0,0,0,0,0,0,0,0
SM01,SM,245,5500,5178,0,0,0,0,1,0,0,0,0,0,0,0,0,0,0,0,0,0,0,0
SM02,SM,5,NA,NA,0,0,0,0,0,0,0,0,0,0,0,0,0,0,0,0,0,0,0,0
SM02,SM,10,NA,NA,0,0,0,0,0,0,0,0,0,0,0,0,0,0,0,0,0,0,0,0
SM02,SM,15,7500,7266,0,0.858605004,0,0,0,0,0.141394996,0,0,0,0,0,0,0,0,0,0,0,0,0
SM02,SM,20,7500,7290,0,0,0,0,0,0,0,0,0,0,0,0,0,0,0,0,0,0,0,0
SM02,SM,25,7500,7316,0,0,0,0,0,0,1,0,0,0,0,0,0,0,0,0,0,0,0,0
SM02,SM,30,7500,7341,0,0,0,0,0,0,1,0,0,0,0,0,0,0,0,0,0,0,0,0
SM02,SM,35,7500,7366,0,0,0,0,1,0,0,0,0,0,0,0,0,0,0,0,0,0,0,0
SM02,SM,40,7500,7390,0,0,0,0,0.379726206,0.309973924,0.31029987,0,0,0,0,0,0,0,0,0,0,0,0,0
SM02,SM,45,7500,7417,0,0,0,0,0,0,0,0,0,0,0,0,0,0,0,0,0,0,0,0
SM02,SM,50,7500,7443,0.537607891,0,0,0,0.462392109,0,0,0,0,0,0,0,0,0,0,0,0,0,0,0
SM02,SM,55,7500,7469,1,0,0,0,0,0,0,0,0,0,0,0,0,0,0,0,0,0,0,0
SM02,SM,60,7500,7495,0,0,0,0,0,0,0,0,0,0,0,0,0,0,0,0,0,0,0,0
SM02,SM,65,8000,7521,0,0,0,0,1,0,0,0,0,0,0,0,0,0,0,0,0,0,0,0
SM02,SM,70,8000,7546,0,0,0,0,0.5,0,0.5,0,0,0,0,0,0,0,0,0,0,0,0,0
SM02,SM,75,8000,7572,0,0,0,0,1,0,0,0,0,0,0,0,0,0,0,0,0,0,0,0
SM02,SM,80,8000,7598,0,0,0,0,1,0,0,0,0,0,0,0,0,0,0,0,0,0,0,0
SM02,SM,85,8000,7622,0,0,0,0,0,0,0,0,0,0,0,0,0,0,0,0,0,0,0,0
SM02,SM,90,8000,7646,0,0,0,0,0,0,0,0,0,0,0,0,0,0,0,0,0,0,0,0
SM02,SM,95,8000,7670,0,0,0,0,1,0,0,0,0,0,0,0,0,0,0,0,0,0,0,0
SM02,SM,100,8000,7693,0,0,0,0,0.956449059,0,0.043550941,0,0,0,0,0,0,0,0,0,0,0,0,0
SM03,SM,5,NA,NA,0,0,0,0,0,0,0,0,0,0,0,0,0,0,0,0,0,0,0,0
SM03,SM,10,NA,NA,0,0,0,0,0,0,0,0,0,0,0,0,0,0,0,0,0,0,0,0
SM03,SM,15,NA,NA,0,0,0,0,0,0,0,0,0,0,0,0,0,0,0,0,0,0,0,0
SM03,SM,20,8000,7537,0,0,0,0,0,0,1,0,0,0,0,0,0,0,0,0,0,0,0,0
SM03,SM,25,8000,7547,0,0,0,0,0.884530212,0,0.115469788,0,0,0,0,0,0,0,0,0,0,0,0,0
SM03,SM,30,8000,7553,0,0,0,0,1,0,0,0,0,0,0,0,0,0,0,0,0,0,0,0
SM03,SM,35,8000,7569,0,0,0,0,1,0,0,0,0,0,0,0,0,0,0,0,0,0,0,0
SM03,SM,40,8000,7580,0,0,0,0,0.879802956,0,0.120197044,0,0,0,0,0,0,0,0,0,0,0,0,0
SM03,SM,45,8000,7591,0,0,0,0,0,0,0,0,0,0,0,0,0,0,0,0,0,0,0,0
SM03,SM,50,8000,7603,0,0,0,0,0,0,0,0,0,0,0,0,0,0,0,0,0,0,0,0
SM03,SM,55,8000,7614,0,0,0,0,0,0,0,0,0,0,0,0,0,0,0,0,0,0,0,0
SM03,SM,60,8000,7625,0,0,0,0,0,0,0,0,0,0,0,0,0,0,0,0,0,0,0,0
SM03,SM,65,8000,7637,0,0,0,0,0,0,0,0,0,0,0,0,0,0,0,0,0,0,0,0
SM03,SM,70,8000,7649,0,0,0,0,0,1,0,0,0,0,0,0,0,0,0,0,0,0,0,0
SM03,SM,75,8000,7660,0,0,0,0,0,1,0,0,0,0,0,0,0,0,0,0,0,0,0,0
SM03,SM,80,8000,7671,0,0,0,0,0,1,0,0,0,0,0,0,0,0,0,0,0,0,0,0
SM03,SM,85,8000,7682,0,0,0,0,0.597585513,0.402414487,0,0,0,0,0,0,0,0,0,0,0,0,0,0
SM03,SM,90,8000,7692,0,0,0,0,0.8,0.2,0,0,0,0,0,0,0,0,0,0,0,0,0,0
SM03,SM,95,8000,7702,0,0,0,0,1,0,0,0,0,0,0,0,0,0,0,0,0,0,0,0
SM03,SM,100,8000,7713,0,0,0,0,1,0,0,0,0,0,0,0,0,0,0,0,0,0,0,0
SM03,SM,105,8000,7722,0,0,0,0,1,0,0,0,0,0,0,0,0,0,0,0,0,0,0,0
SM03,SM,110,8000,7732,0,0,0,0,1,0,0,0,0,0,0,0,0,0,0,0,0,0,0,0
SM03,SM,115,8000,7741,0,0,0,0,1,0,0,0,0,0,0,0,0,0,0,0,0,0,0,0
SM03,SM,120,8000,7751,0,0,0,0,1,0,0,0,0,0,0,0,0,0,0,0,0,0,0,0
SM03,SM,125,8000,7761,0,0,0,0,1,0,0,0,0,0,0,0,0,0,0,0,0,0,0,0
SM03,SM,130,8000,7770,0,0,0,0,1,0,0,0,0,0,0,0,0,0,0,0,0,0,0,0
SM03,SM,135,8000,7780,0,0,0,0,1,0,0,0,0,0,0,0,0,0,0,0,0,0,0,0
SM03,SM,140,8000,7789,0,0,0,0,1,0,0,0,0,0,0,0,0,0,0,0,0,0,0,0
SM03,SM,145,8000,7800,0,0,0,0,1,0,0,0,0,0,0,0,0,0,0,0,0,0,0,0
SM03,SM,150,8000,7808,0,0,0,0,1,0,0,0,0,0,0,0,0,0,0,0,0,0,0,0
SM03,SM,155,8000,7818,0,0,0,0,1,0,0,0,0,0,0,0,0,0,0,0,0,0,0,0
SM03,SM,160,8000,7828,0,0,0,0,1,0,0,0,0,0,0,0,0,0,0,0,0,0,0,0
SM03,SM,165,8000,7837,0,0,0,0,1,0,0,0,0,0,0,0,0,0,0,0,0,0,0,0
SM03,SM,170,8000,7847,0,0,0,0,0,0,0,0,0,0,0,0,0,0,0,0,0,0,0,0
SM03,SM,175,8000,7856,0,0,0,0,1,0,0,0,0,0,0,0,0,0,0,0,0,0,0,0
SM03,SM,180,8000,7864,0,0,0,0,1,0,0,0,0,0,0,0,0,0,0,0,0,0,0,0
SM03,SM,185,8000,7873,0,0,0,0,1,0,0,0,0,0,0,0,0,0,0,0,0,0,0,0
SM03,SM,190,8000,7883,0,0,0,0,1,0,0,0,0,0,0,0,0,0,0,0,0,0,0,0
SM03,SM,195,8000,7893,0,0,0,0,1,0,0,0,0,0,0,0,0,0,0,0,0,0,0,0
SM03,SM,200,8000,7904,0,0,0,0,1,0,0,0,0,0,0,0,0,0,0,0,0,0,0,0
SM03,SM,205,8000,7913,0,0,0,0,1,0,0,0,0,0,0,0,0,0,0,0,0,0,0,0
SM03,SM,210,8000,7922,0,0,0,0,1,0,0,0,0,0,0,0,0,0,0,0,0,0,0,0
SM03,SM,215,8000,7932,0,0,0,0,1,0,0,0,0,0,0,0,0,0,0,0,0,0,0,0
SM03,SM,220,8000,7933,0,0,0,0,1,0,0,0,0,0,0,0,0,0,0,0,0,0,0,0
SM04,SM,5,NA,NA,0,0,0,0,0,0,0,0,0,0,0,0,0,0,0,0,0,0,0,0
SM04,SM,10,NA,NA,0,0,0,0,0,0,0,0,0,0,0,0,0,0,0,0,0,0,0,0
SM04,SM,15,NA,NA,0,0,0,0,0,0,0,0,0,0,0,0,0,0,0,0,0,0,0,0
SM04,SM,20,NA,NA,0,0,0,0,0,0,0,0,0,0,0,0,0,0,0,0,0,0,0,0
SM04,SM,25,6500,6443,0,0,0,0,1,0,0,0,0,0,0,0,0,0,0,0,0,0,0,0
SM04,SM,30,6500,6452,0,0,0,0,0,0,0,0,0,0,0,0,0,0,0,0,0,0,0,0
SM04,SM,35,6500,6462,0,0,0,0.065170479,0.891670263,0.043159258,0,0,0,0,0,0,0,0,0,0,0,0,0,0
SM04,SM,40,6500,6472,0,0.066906845,0,0,0.933093155,0,0,0,0,0,0,0,0,0,0,0,0,0,0,0
SM04,SM,45,6500,6482,0,0,0,0,1,0,0,0,0,0,0,0,0,0,0,0,0,0,0,0
SM04,SM,50,6500,6492,0,0,0,0,0.839053254,0,0.160946746,0,0,0,0,0,0,0,0,0,0,0,0,0
SM04,SM,55,7000,6502,0,0,0,0,0.972872681,0.027127319,0,0,0,0,0,0,0,0,0,0,0,0,0,0
SM04,SM,60,7000,6512,0,0,0,0,1,0,0,0,0,0,0,0,0,0,0,0,0,0,0,0
SM04,SM,65,7000,6521,0,0,0,0,1,0,0,0,0,0,0,0,0,0,0,0,0,0,0,0
SM04,SM,70,7000,6531,0,0,0,0,0.975897921,0.024102079,0,0,0,0,0,0,0,0,0,0,0,0,0,0
SM04,SM,75,7000,6542,0,0.021417445,0,0,0.978582555,0,0,0,0,0,0,0,0,0,0,0,0,0,0,0
SM04,SM,80,7000,6552,0,0,0,0,1,0,0,0,0,0,0,0,0,0,0,0,0,0,0,0
SM04,SM,85,7000,6562,0,0,0,0,1,0,0,0,0,0,0,0,0,0,0,0,0,0,0,0
SM04,SM,90,7000,6573,0,0,0,0,0,0.831220814,0.168779186,0,0,0,0,0,0,0,0,0,0,0,0,0
SM04,SM,95,7000,6583,0,0,0,0,0.349264706,0.650735294,0,0,0,0,0,0,0,0,0,0,0,0,0,0
SM04,SM,100,7000,6593,0,0,0,0,0.330843116,0.669156884,0,0,0,0,0,0,0,0,0,0,0,0,0,0
SM04,SM,105,7000,6603,0,0,0,0,0.801059135,0.198940865,0,0,0,0,0,0,0,0,0,0,0,0,0,0
SM04,SM,110,7000,6613,0,0,0,0,1,0,0,0,0,0,0,0,0,0,0,0,0,0,0,0
SM04,SM,115,7000,6623,0,0,0,0,0.132151151,0.867848849,0,0,0,0,0,0,0,0,0,0,0,0,0,0
SM04,SM,120,7000,6633,0,0,0,0,0,1,0,0,0,0,0,0,0,0,0,0,0,0,0,0
SM04,SM,125,7000,6644,0,0.442487419,0.557512581,0,0,0,0,0,0,0,0,0,0,0,0,0,0,0,0,0
SM04,SM,130,7000,6654,0,0,1,0,0,0,0,0,0,0,0,0,0,0,0,0,0,0,0,0
SM04,SM,135,7000,6664,0,0,1,0,0,0,0,0,0,0,0,0,0,0,0,0,0,0,0,0
SM04,SM,140,7000,6674,0,0,1,0,0,0,0,0,0,0,0,0,0,0,0,0,0,0,0,0
SM04,SM,145,7000,6685,0,0,1,0,0,0,0,0,0,0,0,0,0,0,0,0,0,0,0,0
SM04,SM,150,7000,6695,0,0,1,0,0,0,0,0,0,0,0,0,0,0,0,0,0,0,0,0
SM04,SM,155,7000,6706,0,0,1,0,0,0,0,0,0,0,0,0,0,0,0,0,0,0,0,0
SM04,SM,160,7000,6716,0,0,0,0,0,0,0,0,0,0,0,0,0,0,0,0,0,0,0,0
SM04,SM,165,7000,6727,0,0,1,0,0,0,0,0,0,0,0,0,0,0,0,0,0,0,0,0
SM04,SM,170,7000,6737,0,0,0,0,1,0,0,0,0,0,0,0,0,0,0,0,0,0,0,0
SM04,SM,175,7000,6747,0,0,0,0,1,0,0,0,0,0,0,0,0,0,0,0,0,0,0,0
SM04,SM,180,7000,6757,0,0,0,0,0.757834758,0,0.242165242,0,0,0,0,0,0,0,0,0,0,0,0,0
SM04,SM,185,7000,6767,0,0,0,0,0.699609616,0.300390384,0,0,0,0,0,0,0,0,0,0,0,0,0,0
SM04,SM,190,7000,6777,0.292203806,0,0,0.031921424,0.103744629,0.012277471,0,0,0,0,0,0,0,0,0,0.55985267,0,0,0,0
SM04,SM,195,7000,6788,0,0,0,0,0.030325174,0,0,0,0,0,0,0,0,0,0,0.969674826,0,0,0,0
SM04,SM,200,7000,6798,0,0,0,0,0.301009627,0,0.008217892,0,0,0,0,0,0,0,0,0.690772482,0,0,0,0
SM04,SM,205,7000,6808,0.475328364,0,0,0,0.51970181,0,0.004969826,0,0,0,0,0,0,0,0,0,0,0,0,0
SM04,SM,210,7000,6818,0.758526603,0,0,0,0.241473397,0,0,0,0,0,0,0,0,0,0,0,0,0,0,0
SM04,SM,215,7000,6829,0,0,0,0,1,0,0,0,0,0,0,0,0,0,0,0,0,0,0,0
SM05,SM,5,7500,7103,0,0.463414634,0,0,0,0,0.536585366,0,0,0,0,0,0,0,0,0,0,0,0,0
SM05,SM,10,7500,7108,0,0,0,0,0,0,0,0,0,0,0,0,0,0,0,0,0,0,0,0
SM05,SM,15,7500,7113,0,0.037878788,0,0,0.381818182,0,0,0,0,0,0,0,0,0,0,0,0,0.58030303,0,0
SM05,SM,20,7500,7118,0,0,0,0,0,0,0,0,0,0,0,0,0,0,0,0,0,0,0,0
SM05,SM,25,7500,7123,0,0,0.230540293,0,0.411858974,0.108058608,0,0,0,0,0,0,0,0,0.249542125,0,0,0,0,0
SM05,SM,30,7500,7128,0,0.06054395,0,0.812928656,0.038076468,0.088450926,0,0,0,0,0,0,0,0,0,0,0,0,0,0
SM05,SM,35,7500,7133,0,0.110004742,0,0,0.872925557,0,0,0,0,0,0,0,0,0,0,0,0,0,0.017069701,0
SM05,SM,40,7500,7138,0.004647091,0,0,0,0.069841056,0.925511853,0,0,0,0,0,0,0,0,0,0,0,0,0,0
SM05,SM,45,7500,7143,0,0,0,0,0,0,0,0,0,0,0,0,0,0,0,0,0,0,0,0
SM05,SM,50,7500,7148,0,0,0,0,0.072322942,0.927677058,0,0,0,0,0,0,0,0,0,0,0,0,0,0
SM06,SM,5,NA,NA,0,0,0,0,0,0,0,0,0,0,0,0,0,0,0,0,0,0,0,0
SM06,SM,10,NA,NA,0,0,0,0,0,0,0,0,0,0,0,0,0,0,0,0,0,0,0,0
SM06,SM,15,NA,NA,0,0,0,0,0,0,0,0,0,0,0,0,0,0,0,0,0,0,0,0
SM06,SM,20,NA,NA,0,0,0,0,0,0,0,0,0,0,0,0,0,0,0,0,0,0,0,0
SM06,SM,25,7500,7391,0,0,0,0,0.911843277,0,0.088156723,0,0,0,0,0,0,0,0,0,0,0,0,0
SM06,SM,30,7500,7401,0,0,0,0,0,0,0,0,0,0,0,0,0,0,0,0,0,0,0,0
SM06,SM,35,7500,7411,0,0,0,0,0.960515378,0,0.039484622,0,0,0,0,0,0,0,0,0,0,0,0,0
SM06,SM,40,7500,7422,0,0,0,0,0.872643678,0,0.01816092,0.109195402,0,0,0,0,0,0,0,0,0,0,0,0
SM06,SM,45,7500,7433,0,0,0,0,0.949502198,0,0.023410171,0.027087631,0,0,0,0,0,0,0,0,0,0,0,0
SM06,SM,50,7500,7443,0,0.133910481,0,0,0.648093572,0,0.217995948,0,0,0,0,0,0,0,0,0,0,0,0,0
SM06,SM,55,7500,7454,0,0,0,0,0.740362348,0,0.243563547,0,0,0,0,0,0,0,0.016074104,0,0,0,0,0
SM06,SM,60,7500,7465,0,0.004116118,0,0,0.985647747,0,0.010236135,0,0,0,0,0,0,0,0,0,0,0,0,0
SM06,SM,65,7500,7476,0,0,0.03559417,0,0.960902466,0,0.003503363,0,0,0,0,0,0,0,0,0,0,0,0,0
SM06,SM,70,7500,7487,0,0,0.976450512,0,0,0,0,0,0,0,0,0,0,0,0.023549488,0,0,0,0,0
SM06,SM,75,7500,7498,0,0,0,0,0.821386351,0,0.049650725,0,0,0,0,0.128962923,0,0,0,0,0,0,0,0
SM06,SM,80,8000,7510,0,0,0,0,0.988845144,0,0.011154856,0,0,0,0,0,0,0,0,0,0,0,0,0
SM06,SM,85,8000,7522,0,0,0,0,0.871860323,0,0.064835614,0,0,0,0,0.017868082,0,0,0.045435981,0,0,0,0,0
SM06,SM,90,8000,7533,0,0,0,0,1,0,0,0,0,0,0,0,0,0,0,0,0,0,0,0
SM06,SM,95,8000,7545,0,0,0,0,0.731579864,0,0.195436335,0,0,0,0,0.072983801,0,0,0,0,0,0,0,0
SM06,SM,100,8000,7556,0,0,0,0,0.817767654,0,0.182232346,0,0,0,0,0,0,0,0,0,0,0,0,0
SM06,SM,105,8000,7568,0,0,0,0,0,0,0,0,0,0,0,0,0,0,0,0,0,0,0,0
SM06,SM,110,8000,7579,0,0,0,0,0.960784314,0,0,0,0.03224761,0,0,0.006968076,0,0,0,0,0,0,0,0
SM06,SM,115,8000,7590,0,0,0,0,0.815221507,0,0,0,0,0,0,0.184778493,0,0,0,0,0,0,0,0
SM06,SM,120,8000,7601,0,0,0,0,0.655311633,0,0,0,0.115569013,0,0,0,0,0,0.229119354,0,0,0,0,0
SM06,SM,125,8000,7612,0,0,0,0,1,0,0,0,0,0,0,0,0,0,0,0,0,0,0,0
SM06,SM,130,8000,7623,0,0,0.279696714,0,0.447556866,0,0,0,0.057076664,0,0,0,0,0,0.215669756,0,0,0,0,0
SM06,SM,135,8000,7635,0,0,0,0,0,0,0,0,0,0,0,0,0,0,0,0,0,0,0,0
SM06,SM,140,8000,7646,0,0,0,1,0,0,0,0,0,0,0,0,0,0,0,0,0,0,0,0
SM06,SM,145,8000,7657,0,0,0,1,0,0,0,0,0,0,0,0,0,0,0,0,0,0,0,0
SM06,SM,150,8000,7668,0,0,0,0,1,0,0,0,0,0,0,0,0,0,0,0,0,0,0,0
SM06,SM,155,8000,7678,0,0,0,1,0,0,0,0,0,0,0,0,0,0,0,0,0,0,0,0
SM06,SM,160,8000,7689,0,0,0,1,0,0,0,0,0,0,0,0,0,0,0,0,0,0,0,0
SM06,SM,165,8000,7700,0,0,0,0.962439385,0,0,0,0,0.037560615,0,0,0,0,0,0,0,0,0,0,0
SM06,SM,170,8000,7711,0,0,0,1,0,0,0,0,0,0,0,0,0,0,0,0,0,0,0,0
SM06,SM,175,8000,7721,0,0,0,1,0,0,0,0,0,0,0,0,0,0,0,0,0,0,0,0
SM06,SM,180,8000,7732,0,0,0,1,0,0,0,0,0,0,0,0,0,0,0,0,0,0,0,0
SM06,SM,185,8000,7742,0,0,0,1,0,0,0,0,0,0,0,0,0,0,0,0,0,0,0,0
SM06,SM,190,8000,7753,0,0,0,1,0,0,0,0,0,0,0,0,0,0,0,0,0,0,0,0
SM06,SM,195,8000,7764,0,0,0,1,0,0,0,0,0,0,0,0,0,0,0,0,0,0,0,0
SM06,SM,200,8000,7775,0,0,0,1,0,0,0,0,0,0,0,0,0,0,0,0,0,0,0,0
SM06,SM,205,8000,7785,0,0,0,1,0,0,0,0,0,0,0,0,0,0,0,0,0,0,0,0
SM06,SM,210,8000,7794,0,0,0,1,0,0,0,0,0,0,0,0,0,0,0,0,0,0,0,0
SM06,SM,215,8000,7804,0,0,0,1,0,0,0,0,0,0,0,0,0,0,0,0,0,0,0,0
SM06,SM,220,8000,7814,0,0,0,1,0,0,0,0,0,0,0,0,0,0,0,0,0,0,0,0
SM06,SM,225,8000,7824,0,0,0,1,0,0,0,0,0,0,0,0,0,0,0,0,0,0,0,0
SM06,SM,230,8000,7834,0,0,0,1,0,0,0,0,0,0,0,0,0,0,0,0,0,0,0,0
SM06,SM,235,8000,7844,0,0,0,1,0,0,0,0,0,0,0,0,0,0,0,0,0,0,0,0
SM06,SM,240,8000,7854,0,0,0,1,0,0,0,0,0,0,0,0,0,0,0,0,0,0,0,0
SM06,SM,245,8000,7863,0,0,0,1,0,0,0,0,0,0,0,0,0,0,0,0,0,0,0,0
SM06,SM,250,8000,7873,0,0,0,1,0,0,0,0,0,0,0,0,0,0,0,0,0,0,0,0
SM06,SM,255,8000,7883,0,0,0,1,0,0,0,0,0,0,0,0,0,0,0,0,0,0,0,0
SM06,SM,260,8000,7894,0,0,0,0.927704816,0,0,0.022138837,0,0,0,0,0.050156348,0,0,0,0,0,0,0,0
